profile_id,minute_1,minute_2,minute_3,minute_4,minute_5,minute_6,minute_7,minute_8,minute_9,minute_10,minute_11,minute_12,minute_13,minute_14,minute_15,minute_16,minute_17,minute_18,minute_19,minute_20,minute_21,minute_22,minute_23,minute_24,minute_25,minute_26,minute_27,minute_28,minute_29,minute_30,minute_31,minute_32,minute_33,minute_34,minute_35,minute_36,minute_37,minute_38,minute_39,minute_40,minute_41,minute_42,minute_43,minute_44,minute_45,minute_46,minute_47,minute_48,minute_49,minute_50,minute_51,minute_52,minute_53,minute_54,minute_55,minute_56,minute_57,minute_58,minute_59,minute_60
1,514.103298451266,509.8247892339097,534.9266436277065,548.742405661862,520.3348200139975,553.6283846285704,571.9081637678951,586.502404184332,557.7156073603076,554.2426230129972,545.1984847092779,575.07203392868,578.6575609993804,590.0139570071435,574.9614072192328,553.604500300491,557.4254353915995,526.8926433188918,549.8268253583726,559.0433332969171,577.1094751028933,562.6331694875863,595.5820311952295,595.7870516943896,591.3097635270833,564.8135746999187,562.4840449608112,530.5503085659171,506.35057301064546,519.1639997376172,536.2973506511645,569.0230319215592,555.5200011745866,546.4521805970274,544.321087386334,522.5840825222341,496.6785878957171,494.97793273153246,475.86158716509436,487.74856679287007,483.3492011139332,506.6366748379818,520.6552319781392,507.5208968748821,530.7790829725461,552.1125879973223,544.2360745294345,529.4190418045516,542.1937270827999,516.9764009354516,495.96997510870915,461.48533399127956,481.57004041642926,493.1096003778715,507.471176881715,527.1222090532527,524.2463133409366,529.0581970576392,503.8439869265752,476.86109207409334
2,473.99312548037926,471.96985991039855,476.53638736408175,495.0863073832035,504.5165897832449,508.2671478293046,512.4116490814836,498.6881559458664,465.8454043656222,461.41562161188756,441.4365487092546,435.03355376997916,459.7717688987508,441.14753290932464,410.22872482755923,394.925597269099,380.47716031276684,391.8113163436495,395.80356700753896,415.6764416449879,427.17838946790505,420.62546976871,442.6068966953324,419.2950010888717,385.8848462082419,357.18819646253684,372.75335100428833,370.08475712188545,346.3737816542376,346.446915911473,322.1087631013948,335.8511893568363,332.08212864701846,323.75361447377225,309.8594607141236,318.9792422324458,309.3061249711831,280.4416193233102,253.70203247174626,286.08432458437767,314.68497293391016,328.6644723006626,312.275369602829,345.1177160171697,364.63027929477533,379.812592535905,376.26789768597024,360.32480701513134,332.07217436587626,360.2543421239452,357.158682412298,336.3241179479641,322.7410816385098,328.2864514644425,305.6605462701887,330.623546156655,348.7199132451197,364.0823201616853,359.32883294594257,368.2404517951136
3,441.95722818683953,452.44649029567694,423.3575927754692,417.46411092741187,385.37710309774434,384.9564604448607,373.04674530815566,348.16343852877895,320.40164626935757,326.5367663217974,303.4782741193794,333.23668240575523,338.9109621847829,328.1918485022215,334.55593290592066,301.15220387799945,333.25134880490066,332.01258939090366,351.8040552984237,322.5951552929944,321.6612384516656,321.0107280564821,351.6585799047309,356.6795435710562,354.8238016450429,338.51209806147546,326.7219278754541,328.1689960484618,323.89279826981505,290.4056438614382,313.24607855504325,340.9773325838269,315.79476881372966,319.57729886146313,292.1776007409442,304.234407253731,288.9207721224616,300.0803565508947,315.96997955097646,334.7753039852125,307.3171702021252,336.43799936175776,317.5529787243994,285.17185765673196,289.0115305141358,279.9760903845065,303.0613724037754,324.63897544827654,311.8386979458666,343.54165560074875,328.9059042705571,329.9599033167771,312.8774596565093,343.4005095599367,319.923056790678,288.06680014814106,283.5235943483537,317.9898838322623,345.4072924701063,362.80985383209276
4,558.5011465338395,586.0424113126899,576.4444655074618,559.9438599991347,578.9847302469038,581.0478643884203,566.2074968489296,537.7060954092225,554.9813682036543,538.3536043182548,568.9305248556194,549.8513242714846,523.4443795402887,546.622266589032,522.3521687527466,499.9009503237883,506.8577457302473,533.0770885888699,511.82751518889,498.5501722918966,517.968510968779,550.9963607930467,551.0482438272107,526.1210690057983,492.0966091453724,473.17253124529225,447.4000864903487,459.83619364324875,433.3644689672459,433.8075641806902,447.4059346756922,453.08409732115535,432.06839293735936,453.35710977011775,468.43560884322386,485.1644891173118,459.3385317263237,433.0012979818478,462.93067655230334,455.7611501200492,441.827558544715,441.0284417193223,452.4289366127731,484.322564606061,469.37380048780483,499.11039053964674,465.85055493668466,469.71441789956236,479.0926757172383,451.505493979791,426.3292657742649,420.66726812640616,453.3035019764289,460.026480702835,490.33810621484974,511.6433703077577,509.36008241662813,529.2935238642812,495.5420987426703,468.18217851627173
5,535.1828736554398,555.9600698382012,537.2449217758516,539.3987931177853,546.819900566786,572.5616273311068,575.2186567802989,564.8827393657396,556.0756224042424,550.8873684503881,561.5225402409862,587.2468844636489,573.921874715028,554.0594505915437,535.6258160013745,552.8468156184157,575.0066290580894,546.32261595483,515.9817359416925,522.5920924046441,497.82421949813295,520.5507128300768,507.274140004762,482.34517531274196,511.81310838686346,488.40032897833294,473.3307347419884,449.08367240543254,422.1679768620074,388.6483380055582,357.5260166470564,334.75091961256607,303.48765489646837,309.86772202423634,322.5177389002018,315.07187087844375,302.3312476650872,302.6480842566433,328.8984302130659,353.47764409062034,321.5208984315158,299.22578710327247,280.79792808058016,263.255058388835,268.2413440108291,262.3797138100526,230.82750220498417,237.12180275406928,247.29894788492285,226.33405258035955,254.45021968584672,223.6087630412881,255.70700057158038,227.64492048217167,255.97418673163796,284.15990680657114,317.72985444763265,338.8716660667842,358.4350939207772,368.4089232404655
6,516.018614739689,490.4372693286093,492.9620318449439,493.9576327582729,518.987682846852,516.3836384383981,508.3399031654228,518.1093321520206,501.76176437707977,476.54555314385675,474.99696232551895,469.1792181271609,450.45911396418205,441.184940672241,431.8324121600783,419.7571016689565,411.31958724984156,424.32162143175776,410.10297465174773,441.52302952182157,470.667390889494,469.3311208704995,457.31640522082773,459.79684050892797,484.19607472308167,494.8771885622888,516.1846165185842,518.475175843186,527.7794098919194,512.9503028846917,529.392824246412,508.5611457652123,522.1970147825073,547.4473495653199,521.6945481764279,529.7011300143623,501.35783239045776,517.1579263694576,488.07245168710404,518.5882392761479,493.20679437879403,525.3284115924297,546.3903039183865,552.9480442310313,572.7317315550996,587.2421557934222,597.4223688746587,571.9439150785295,574.1517908463558,544.9353642996405,553.066963301329,530.0573545878242,534.6038973908951,539.6740333732646,537.2929940819505,538.8772183678691,557.3518556683302,578.2989858241749,571.2045722771952,574.4558923389188
7,573.8697695622386,546.1891114184524,519.3863610314602,490.525991865214,501.57642181805096,495.8790028733775,515.0815020033065,527.067700934908,515.4223440178846,543.3080023331921,561.6852526281377,545.6226984918501,536.1161397358939,523.1269383501923,499.15975375394225,474.50458983189566,505.03351226819774,500.68679487211045,492.5191824665291,508.5971820739456,512.3066966416485,542.8364957203408,562.4576002939983,561.0134697827161,552.358632926374,586.4228410710765,586.2895941282871,597.6226720800802,567.0510847122071,589.8439256289564,583.6116813143129,554.8770313752915,561.055091373137,574.0818369305184,539.8312939556729,536.6335512845951,559.4115170683376,545.0866488424239,542.1850145683225,538.147003463075,524.2819208640493,553.5728535501381,573.2634360303442,545.0907845401082,579.8832105887383,593.3418931788844,570.1689812108407,589.4258390914222,559.2758199607441,594.2131510939408,586.364333844588,582.9835970605877,552.6879983575277,580.4803362802915,547.0613794430377,528.919343505918,503.9308747675825,523.3046306160378,502.17892652094065,530.9236024201026
8,469.3822349444463,436.91362467907504,402.29371306808406,370.909767259092,378.32452969443295,399.42825645459203,381.1269538985092,405.58557290312433,374.5918087138526,395.6592784687699,425.60495858082953,444.65254651813615,458.52100139664077,482.1796167025176,449.99020767081225,429.11495542114613,402.85961297254113,403.1767822860502,420.3399512690693,429.44078038941717,454.01995737275263,429.88486684362897,446.3083432790903,424.8212476399136,408.77436023215967,423.4676890418509,457.0820239847586,464.8900764031535,433.7050984525442,441.8467263474715,409.81126495808314,436.7014647537603,451.37194471080375,428.49089396037897,399.91136436807284,377.7586903896952,411.36059295848867,408.459837930583,428.34550431448156,437.89408826202595,442.96300875913056,418.12212658568404,449.34383833475067,435.4378226107809,440.89902771730885,454.8833438385435,465.3296647057151,496.1712733844014,471.56200267880547,472.14669437009144,465.4291017219451,463.62091278572836,436.96613961957047,411.35276231066405,395.81805051535207,382.14737277861025,377.10059773630474,384.86972602886874,394.29376424814717,388.1205270091371
9,375.33758158290493,355.5715784516923,361.75301584032286,348.9458796325295,316.47006803194495,310.7580711229252,308.9473583792371,289.73885915353185,294.81091447207996,299.4149475023144,313.5551001800404,323.91149393412513,334.58180789059736,321.71679851828037,341.8370540572971,345.2771609092747,340.476434571867,349.297308237741,339.5433216492588,340.4350687717319,357.0044669654873,384.0526690361469,413.5266728468103,413.78097760962726,415.2002356414671,436.19116439493564,423.20271281702975,446.81947818118454,446.40939343740416,419.51936414087294,389.563504435979,413.5030292087414,382.39278339222284,367.03558392157873,355.4246867566869,332.5342979200985,319.50683380623775,336.4953134769937,302.52311252619864,325.4252522426467,350.3836138928658,341.4419240162742,317.19482695051863,324.2536555066743,297.6307344172169,288.1750896926946,320.26513235576266,354.9476454366173,373.99498783143827,360.7622935258919,373.89884696751835,388.2772925513992,380.4262112128547,390.28841563388585,356.0393507821832,335.6733868843401,337.4295680920484,313.8921593901291,290.5056401414865,314.0469404800031
10,595.8705410197701,582.6253239480711,591.57132928798,599.5796827469853,569.5950540418138,563.9125341527086,556.392624261643,526.996074116876,544.8691862125081,540.2337181250896,538.0866035184176,513.6337116853445,491.2985773415052,519.7958308924403,487.92126712063987,469.2209270666993,454.6650801887163,453.97890815682734,460.03007026786304,459.5603685774097,430.4484419963914,412.50516378029135,436.55635071366925,446.1875597471614,456.6279932565606,468.54222113115543,486.9454324639225,456.0130261844238,446.6756131297067,449.44253359802417,438.134487428837,462.24800855894006,461.02808416005064,479.8320154222072,504.473101603889,504.8085054071339,533.4771624781284,539.5758383157171,564.0950392340776,552.9363949254843,552.8535820226882,555.0523548930087,527.4009350057336,520.2996104748414,549.5132475534588,558.6715043789907,536.0969651495784,524.8168596422507,503.22907031863974,469.9666895445398,499.88892163982166,496.26343461780266,482.7908896872577,489.68429309629926,455.1963050368104,439.6578524988673,453.8701950977898,463.2340792126382,496.96049554061574,505.3855352166788
11,401.45223197853846,419.752511401419,447.9854624389027,463.4341787091873,495.85896435764386,515.5993263093162,541.275426987651,514.2627119705056,530.5316571800707,526.3378661469866,530.0551323157758,540.8423009795408,573.7293591489307,599.0550891661626,574.4154277500187,583.8695695292226,587.2165506698495,568.7731747516605,541.9766766851444,509.8429639051448,529.2569828321873,528.5359647593707,562.5237766240156,560.0719185575713,593.5261070927401,575.5957661309346,587.743846220502,556.752078796335,560.6343985059785,581.7785835949792,595.9925160765058,593.0794127595034,559.6292473544848,550.7184112459562,519.1273043079258,491.7770646859448,504.04845869266876,518.9765324344876,538.1369802271014,563.7189385909978,580.4791413843535,589.1433482268869,556.3886600177728,537.8061205486638,546.3389646849309,571.4077360086685,536.6939091418253,537.7179630899698,550.1280810454775,517.2005912844804,510.2954803132176,537.9899220100764,550.0028186299865,531.6389040652283,556.3335831394622,545.6957827781282,570.4299097582124,554.7327282881696,561.05514584999,553.8409505923385
12,324.4335192869255,351.49254863895635,329.6241063747207,300.5609177612241,289.49580345942036,304.73054379433006,326.2507562126698,361.1627921173433,346.90813610812484,340.46407268731457,315.0415621493884,320.2825972230008,355.113199831405,369.1748705398511,375.83976936878713,368.3056058733127,397.3765190933015,397.160680822426,371.5663647543403,362.14285717827966,331.84452399762336,310.98305663583807,277.21987130583193,273.9494654608434,283.3672840074692,272.39775637399276,266.82448037936217,298.9691294784825,316.60654798872656,319.46651257487315,304.38437383270093,332.1741497468106,313.63094792845675,301.40493906462416,330.03947607423055,332.1074199441856,349.06967640344396,355.4218119949076,366.1625566255723,352.1193870316101,334.0154313454765,321.5898956472831,297.47080513312267,323.6728107034792,308.50009603098715,312.8043536399941,333.2425633998903,353.11025105619024,348.79728915708375,347.13530075815453,381.76442318360625,393.98624657213793,416.01093759038974,444.189715435736,464.32100397178976,442.2835581185395,446.6355094801695,418.76810049218767,429.47264935166754,461.3471093248143
13,414.8381844340423,410.14625893478603,377.65525153405747,409.8394680971029,382.049655986214,349.9251925175533,332.149855322899,301.73698569718573,298.5952346660091,299.721380754007,286.60127718600785,255.16851096624987,227.98053674369575,236.526204546308,223.11880133815924,246.6141554468682,232.7553958262046,234.42554733510522,239.47988225590117,242.6968437562814,220.09581759123782,223.93320129795265,253.59018643286393,220.08457598757516,237.82883620942195,245.8598213259527,240.27205112382552,243.8403291086219,265.92965102804664,289.8139104630936,273.0383085021611,260.6126393699022,242.5864390818855,247.63362448346032,262.79494739878794,243.77264868122737,239.4382155741157,270.64847837915937,239.04832866844643,244.90382706441838,262.6250498701096,238.15683067913278,222.51825276002126,225.18522406592706,256.9231159090011,222.57130063647978,227.0755015320929,221.3162694950224,224.01764955807982,244.19676753935607,234.30424230909134,248.06456885968882,257.2204173571248,281.68089067340935,247.01278817724054,272.9198195191244,281.2581555690126,257.65019959635964,276.75581676582954,301.64022469117054
14,316.62012382657974,345.9356814897674,342.7477016106734,349.9874134140059,383.91288076724095,374.2204062719849,396.1415604793928,383.429498727385,404.3744452842894,411.42581960467436,391.57071827045246,385.552544835699,372.7870392411483,343.2546267567738,310.3430606637526,299.5965665422553,265.92895688947937,242.51309992020362,261.7075407925611,276.27392729041225,292.97455434242903,280.1752763215275,307.4766383197662,314.0447766817575,287.86662060402136,262.9269269059088,276.4436067909879,253.54968234193333,254.77475354783027,289.20081963295434,254.4813519642881,221.15198705114233,255.90198094664078,261.82669933603233,235.71039762232826,265.5025513369199,292.12917234585836,294.6632012636546,303.1886433539076,287.3117467589689,255.84812550500928,262.4678581273698,248.10072165156322,261.8749669474339,285.412129326416,251.68336740042147,259.7242005028603,240.91383828093996,268.8624601473667,251.61897560669468,260.68888060730796,264.43673941358077,257.16839441772817,269.60184786971377,285.40572229979415,290.0913679721512,308.18092457508396,342.0201198945896,336.36918704764594,337.3900006796331
15,224.73855361766104,251.63302346612932,254.66450226526172,248.42042998949302,225.9660843490852,256.4457400120597,249.09624681489862,263.75091859012616,239.2071095358967,272.12282609273166,249.6137494202598,232.89315632802692,261.13940042378636,290.02019251372155,269.87051104035265,267.75657321259064,284.1012165319887,310.5868178987448,302.1205065513562,303.3118706308162,320.23201936719767,336.41153773289335,356.2187468347193,361.11411413962617,333.43717091596045,361.71530127742324,387.3053790298952,408.1721995371785,380.1625729384296,359.4703886341297,376.5224141916653,343.14222081240155,376.6879451719111,368.0880727968088,383.43995015516646,410.5699263493295,403.19401851983525,390.5332927218119,398.14517174468915,403.81442790705273,397.4542263407885,404.5784592515281,435.05515512118274,432.7899730850445,411.5619257375887,402.96634453939896,395.55383332091725,369.73144183275264,346.13244687157146,359.05179200912886,347.81523480375205,379.65812223365856,361.7098944087611,333.63460976609866,351.3799291761167,378.05245281036764,362.5203877913718,341.66655490655523,319.67018434753135,321.21104544318723
16,397.998323673773,381.15911246359036,349.3212306528502,348.0256244756898,380.1788888101824,390.85523286286883,390.54069182687215,363.28913700894526,345.95967734741635,331.59385381763434,350.13010250014077,376.4998583086641,404.6147880583148,438.5345906358676,472.3002584531848,504.0101977469435,474.0377475821454,448.6832950970918,434.9959519504141,438.6988297349264,410.4872819443099,434.6930689904599,442.8660015258715,445.83150968702586,422.40330232273624,405.13118553075003,381.35302727950807,405.988348325144,411.88429852942926,428.3433584558036,414.0656588595054,405.0533434556848,398.39319096554215,416.5942389876246,435.65894812484436,415.13589505082655,446.0436150224935,419.48948864355157,447.2180344132057,419.2457296086924,402.7635163892842,427.0170139140412,404.5814589782673,398.53121416996515,395.021365166054,377.1894932776787,391.90665737119775,416.50008282935204,442.72034261924205,431.4728928208013,433.6324204209483,416.0208686915439,398.1566238000541,374.4444081996888,405.24573895621484,432.40495695860545,451.8200668915439,453.0563733816849,452.39892746751593,454.4811241002908
17,423.8958451592939,419.3152610881322,393.5380993905769,367.3345690913744,398.99204920057224,397.7342023716168,429.45858911498,405.9089705546877,409.71812919748305,389.2583369320908,371.9812593609529,339.0850798742354,312.4118116260502,341.59120016009393,329.09850956385714,336.6675543978786,334.2185436371277,327.2501308042972,329.482157198522,307.58888332159586,341.7911562179662,364.0727070272366,380.9857313184427,378.79888210941937,354.5002806582629,383.9468907374127,372.8439854541336,341.35145373291897,330.319711109663,350.9317032443749,359.52131539354946,377.08001632568966,397.6344931960561,377.4713159716941,407.1361480982167,402.7954203026428,412.5263757511343,377.68798983220626,412.2237847209887,396.88653173847956,366.23094919629045,363.3092921038464,337.34139610658934,313.0042658176196,322.26406272973435,314.7689801396507,344.29865165050035,331.6396062730652,347.4722152599383,344.7491753707818,355.94576644983135,362.92444141995065,361.0193195130805,392.5235961367911,381.513551129638,358.9200362170871,371.38662047867507,395.6071497702287,363.42491156602335,359.899199755611
18,559.145322081184,576.6186254057847,599.521723228066,583.3753695163414,582.4474046202474,563.3435284452428,594.6710204218623,574.4449568586059,584.1655049257264,569.6589336462595,571.3687816342934,582.1694212960713,574.0567070552884,594.337534802277,576.3873466312624,579.3139416405229,563.3787560813623,556.9497228575333,552.753230433882,526.559721715742,497.9803792498724,509.7046738701454,520.5909155541591,531.9945955488657,498.37824672285416,486.2365257098787,465.0832150180225,484.55381459610334,509.7979426938325,492.0655690996628,503.8150102190218,477.870406461101,462.131083253221,436.8368979895604,421.6833516515064,433.91490996595587,462.6377936789236,441.8143622336166,444.7598946801669,458.8572717672072,490.5618445611968,498.2660783632989,481.12356353521557,489.9070345191911,477.3414158366522,510.6704031850718,503.6477326465264,516.6276730997973,483.25360386407044,476.2579050935033,502.51543802607915,510.2313591364064,506.3073611841247,536.8229861446255,561.6018924749316,549.1569896425373,552.275377785431,551.5630757119034,560.8172507199438,549.2050394070567
19,312.79790029103754,341.6849287589251,371.35614372382054,395.38874572715906,428.86305588067836,446.01246268525654,464.5391686845965,482.9204751219814,481.5630092879428,478.5146629039418,460.33050223437203,470.4678458395224,455.7202553666858,438.76684404585063,444.7841402325745,438.4829074083275,418.80287002395175,440.92679119664996,466.1666855472563,442.905651924701,408.43114422070096,396.96024201775714,417.7860005154098,441.5281711518125,416.21120605993593,435.4147191427495,408.51401085440955,400.8183921653666,435.72105821620073,414.2024158423644,389.9798666227983,384.5758899010738,392.9526867189641,423.25574148789184,456.9132216752042,426.7880662366019,401.44789245095524,421.7995506236748,405.74380128263505,432.68323544808027,444.12496345411637,416.95409962076377,440.2311495654443,417.5760961660096,412.2207737935854,415.8737187927385,415.92734922835797,428.9587533214185,439.64682476226636,474.0897651492302,509.0492987949233,510.20145697941814,481.8653930666786,497.8144239944889,531.18090946965,518.4637566036814,515.7483786123116,510.48276334939357,479.08210416837863,491.1406143540198
20,354.2683241260178,374.3907953502229,397.6392006199619,420.1253556818111,414.2919755446027,401.80017330146563,419.2176278781595,440.31488824715007,439.7029094945457,467.2150808620869,442.28868958758596,468.82350416371315,440.5501704717448,416.2969570155678,418.665757944745,388.392051557864,357.08854865587176,322.12486074747113,317.6670269260695,336.8906986165256,304.3293831361197,314.98741558872956,337.6063278078626,314.3663872083136,289.6468486458119,314.9029167992494,337.521639495756,340.2475631342491,362.5915546848277,334.08448010454237,326.6981863602552,343.34401528770127,326.3656524403787,344.0286764507274,344.3211787580844,361.8397979144607,359.3673725644738,350.120676380001,330.46392153350524,310.0504754339563,327.65483217395405,300.97855653633127,271.9973210440974,249.33771659564653,231.2813941599577,258.0945683271919,250.99003197038675,285.3557659643203,259.96055400966316,270.70834180821817,267.1194073123057,259.6236796811009,285.8795736148867,319.17126882287465,345.27139593706715,323.73244346952646,304.18829795415184,315.11346949080627,300.34932020547967,316.7800793601203
21,435.23984730766495,438.80346110199315,461.8017458407082,476.53903986269563,443.3994834125061,411.8616230127272,418.97071468464827,418.00415997820755,401.21708585221694,395.52301196425304,413.5767342755533,436.4395382016084,440.7251529539115,432.70101661390873,416.6497899185662,418.18408287241397,405.2165561719206,409.7032157652262,422.06888254090086,391.6944273052585,356.7691498568508,336.6285495757028,364.2443544160175,374.48470784201663,351.52193247760823,378.8404098052615,376.7373256253753,375.06374859288155,405.5516846618674,374.7157531147012,354.7782323387115,360.7822250995421,339.46628077028237,352.0331714149094,332.01963166847986,303.96061961039686,283.44958078525565,278.0409631843,255.37064412641558,229.7990858710499,258.5398420940311,245.96764634584264,241.99460801583558,223.15011532439718,233.63369235003978,232.87855079394012,249.22914030566577,233.19204224662346,262.8121454444452,292.8888089088141,264.87698291118943,237.39518985138983,226.04255061970977,245.42870256453193,227.37042626032735,256.11580214747124,273.9148081931237,296.3014282697854,298.12566515180686,332.8930699581476
22,236.7865391187813,240.78012376482053,238.06922748530505,270.3438837740918,275.7241508689233,297.15751845005406,274.08140200615037,307.5857920791811,307.49056036052315,307.04760569946836,340.00953669767,331.66080198287017,324.48755370171966,330.4202428980652,304.3839256364103,291.85991948524014,270.3845020563993,242.61434559389278,269.9023546834416,276.1555363123649,266.2626317193187,259.86948813498856,255.0758183931034,264.39626114323306,294.2701185474626,324.56469192345133,316.96913049059776,305.01750266244164,301.5907576754095,306.346153805404,303.67340760688637,314.7861462940554,318.5940779306389,306.0441661992242,295.2453226026085,286.74681773178963,258.37160150924683,234.99598577822496,256.1527873680989,248.38955717464452,233.59953046729072,247.34561496083668,267.104577402735,250.124142766911,273.8439823086394,303.76932248239285,310.5869395175617,322.41327564697224,291.0935949695861,322.2799873411195,314.7539187396656,344.4269467778457,349.95537351036273,315.2786894293957,282.9766293820362,295.60594577893073,299.99270674716604,266.84997735159124,283.8921746371582,308.5423482320009
23,408.63864332693714,406.241664151945,371.6247817703689,391.69026164492084,379.8403863171482,406.353839701926,397.4680808309897,402.02353457513914,385.94745974909205,362.18864163003633,381.4321948667293,381.193528385969,383.7476830486265,416.326799792348,448.77739364789875,473.672342167067,451.80499266061935,458.40408126172997,484.8744009876176,476.08687653904326,448.1643081545342,469.93171131132874,468.65515990668075,473.16264753182327,506.9127482740724,514.4175484086574,509.16610540528444,500.0650111545883,494.2983616403715,467.58629746287835,488.21883655210837,511.8590166252012,496.76681604533985,483.0325793340359,509.2359772774729,475.91390216442977,477.3459232281357,474.80322325584075,488.1120971263329,464.5495161367947,476.33266799245547,467.70404854369684,476.01408301557177,443.8207337066661,441.14163750958176,442.6992000883478,422.70204828819686,397.47570408073534,375.66890529159645,364.75878075603083,336.5354912073788,367.8478769084511,361.1974612131583,382.8253333886307,416.03453200625,386.6860016064417,397.3028643618913,423.30150043377625,432.69791081144723,427.7297393064661
24,383.80901590241655,351.3219379229317,353.74399051318096,388.2920002882603,420.4015271062957,388.2294731252471,402.6352633793113,388.75880404809647,416.96804478652604,385.1260769861755,415.63726412695115,439.26056619209555,412.4858729497777,381.6735765619886,405.10311306487415,381.0061500330947,383.4490207414056,412.55116079291525,417.27252874136786,410.07885984446557,406.22998368424504,375.648185633516,408.46084812882793,395.20664108450376,373.4620855016035,358.4853966304312,390.9915202728347,362.59154401699516,388.30275685207783,402.8518294601792,425.95317200131115,459.26599982706387,483.2168257132449,514.2535903026945,488.13905827805894,508.8442578397468,512.0415564254201,515.0862480810104,543.0107584234463,576.0370257287161,582.596389635726,572.9041048275554,566.2449109441277,557.807852241483,548.1197843115694,540.5252632294796,511.80798969706325,482.2285156652939,501.81940473635575,498.04450724077157,528.1924214388949,536.0478920404717,503.510210793381,479.5368446856046,458.94423019651515,492.2457519037914,472.55504773440583,473.6579450745694,504.19033028938316,537.5938213833882
25,309.8169654457469,278.25520050824974,254.00732878589284,224.37012915133784,227.68206657236206,244.26773041401373,274.0787692754414,276.6840911340452,285.5033601029809,264.63406771564877,285.6749211628183,293.9201447582091,319.40972280169984,350.8287402921047,340.1817945950662,311.522328692547,292.33735574672176,287.98626534403036,319.1848209717435,310.6665085378825,329.6206334944584,332.45400194641127,310.2506158765796,297.7020042033212,308.42543615491854,320.5251737828611,315.95835605949435,296.9635482458424,312.4970228117297,289.31813572461976,319.8850141551786,298.038264687732,270.55013008600844,270.38546925158494,271.7539411192635,272.32744515374065,267.8941694074594,302.531211905532,301.57085479247274,300.0271154442609,294.5507398342802,264.2285426633826,270.7355068438557,251.6932508994785,262.52421569417663,231.08255803057003,265.22482804394434,263.0551835748314,290.8280595861803,289.11734171248577,258.3404990126813,280.89544723924774,291.26830831594714,310.9913016461233,305.9631920917444,315.61876418900954,340.55479445477204,349.7293754558042,339.0665298943174,350.4436014999514
26,475.3045916733456,507.54567904880935,498.50954155672616,493.26526528271535,515.1138725658094,515.5172345978012,532.0773511159025,529.2570136276539,509.3416735545429,526.5059425492137,500.6868043921434,479.58766083933494,488.46540963422956,505.7742956476744,533.4024477284215,517.4835025475339,490.23420064957276,522.1574668161569,497.96708297770687,476.80377173553165,462.1968334846243,464.2542282664644,491.05201788884983,509.2902394799405,523.861268248925,501.1239079988452,491.16169220566337,489.65003703173085,464.96985377572184,449.1099329245889,435.693257201288,409.60259108432075,413.1193695178988,427.4713432745923,397.3665574779726,396.0451746013931,415.79995827013875,433.15926729681,455.2143840321228,451.59122835406527,474.0302241388555,455.8829391238543,446.1396784230804,423.4845687723265,421.2084865323265,413.65268810140753,395.5175862504094,413.1422358965641,400.11150994437935,384.20781305458786,358.3701362141225,354.08765534025895,340.2951793588701,331.1442782527379,312.66408663617653,331.0849709235696,361.1852052383998,361.04043493362195,371.05032456748023,396.75238392994964
27,599.5552621867903,586.3011931321213,594.6323915281505,596.3107334794023,591.931411029315,576.7830756551289,546.5076119580907,512.6140008389001,511.0180451687048,510.6200625161281,504.13542966653614,508.90714425693164,512.5585334882416,536.1214463605301,508.72744358888843,489.4898802162766,510.0002287434507,534.3488094491065,568.9865044025672,591.6104779532822,595.2227705399994,572.7266607842682,562.7394719688792,546.5054293063178,553.9463871798079,584.6627619743006,567.011032312024,569.881008462507,554.1757415905698,531.0617397546594,509.72472684196526,478.7809009596344,510.23144757028246,503.4330201658165,526.8214826059641,539.5145456942424,517.9490269930184,495.23138425355455,517.0705583592927,500.60037810266033,529.5303409617986,504.33421929006295,516.7738223018758,538.7869936240412,520.2549408131364,504.589456255096,537.1057782848402,520.6276106590713,515.7246041520746,511.0006956790402,493.713128174118,513.0185042247144,532.0479582507553,523.5302192464203,546.9890246220716,526.9042700300017,492.20567432673926,497.1873896706411,531.7728337423076,499.4779354301896
28,299.039268009215,300.3632929833109,322.05914453445183,293.29208488970556,285.9585106528282,303.25381669692024,294.26184128536556,272.4803907186603,251.16509863642142,247.13091843197554,249.78662316966114,275.834045929227,285.7917152289865,299.1198520450716,332.9289540525851,326.7579948736533,319.99280310109225,349.6270908418991,331.8383819322532,347.92544917345384,365.7455688487233,337.5907286699043,335.3669270684552,314.406300060964,292.382569157138,289.85053688953934,275.1106164151039,295.83484774891485,324.3671901462486,345.5576325164342,329.17979359995076,313.3692011581533,296.20018566637606,270.6528523903126,301.7187381575724,294.8620840285672,275.5903472467784,299.85732078235543,292.80099196840075,260.2591687460774,236.5950786635516,252.98217159637872,273.22360069245207,252.98900788666197,282.37281595380466,306.9426143574562,331.32926714173186,312.2655474176768,280.8030666231809,306.52271438696175,292.92873039866146,301.2528770808083,319.4505589398594,293.4310870356378,313.08977185197114,343.7855739792457,359.77182158149435,355.6574139751334,382.0248836877526,383.94691779283175
29,503.01295257036656,525.4483686404689,542.9030689593993,528.0529102827701,501.30198334617825,482.9856804015225,483.1869259901472,483.5563105506639,489.3414150026816,481.9985436310339,502.0809403325359,531.0017028568404,513.2724566004034,529.8290818395355,542.2871115176887,543.9034464672408,522.100562838432,542.7668209392217,575.0106609332399,583.3131454183086,595.7544415902547,599.3793418917821,576.9196185956256,578.9878859708422,570.5338605135771,599.1380069301767,567.502142464637,560.3365656810286,586.6242987979351,565.3654801220208,585.2230570395633,569.2768326994916,598.6841262276005,595.7702842413127,572.5909962247231,585.6579811551994,567.2791630890149,573.3425621001329,578.942799185599,590.4475956274215,556.5369393776466,536.9479917583076,551.7822384995081,556.2288650873758,555.9212205614558,524.7859175310144,514.1652293733164,539.7222456070617,506.88474419958396,499.63528067512084,530.795660812075,499.357312230226,516.8367148033506,499.8695979360931,525.5322161868502,542.7569747140058,569.7563366740911,548.8440610047061,551.0345538420084,570.5834498922445
30,313.3659023380928,294.51814370679796,261.4208930516289,293.5169636299106,308.2181452337342,317.7073700144472,334.78700060309654,336.9999049117773,335.32927238810606,331.79652926675254,341.62727411400743,320.73472239147424,347.8988310425151,369.7214970278637,359.19094982950605,364.69360060638274,339.56551160288376,372.6297489582356,400.83223709235546,430.3650625472995,418.6164758865411,395.455905403341,375.2799568459827,346.580054219139,319.9877983262359,289.97911571917507,324.2667305635162,294.4507683993514,268.7287140659503,291.6365357573019,297.2533509293079,316.46255524916114,325.626395793247,352.3786507162734,362.07137765980525,363.6201341630258,378.5126127263168,374.8301053517644,364.05457295509586,361.79024462661073,338.67023198350995,359.4302530696983,342.67951776321445,318.42672600680777,300.6713829316336,324.6162935556904,312.73038424753156,325.75387511294457,350.7025492588463,321.1446759435993,339.69638430606227,326.2329669525944,306.39653244547736,319.6196341171854,348.30539770851175,333.95674231837944,338.7751086952818,324.0634966647462,327.86348766559615,336.3938298114
31,451.92744774026835,460.57569361526055,435.03127907048724,448.5791119415576,460.8116368881732,473.592805443355,443.77774413506444,440.0564631040551,433.6889223472562,404.7587262022802,385.3244811550569,381.19186538091947,398.1953070709852,379.7896524599116,402.87214616865543,406.07802617041784,424.3075441333411,422.3864629669211,422.33005874647677,430.7104160030516,460.6683585746593,460.095239273563,462.10126694114336,469.24105438807044,485.86711399891124,455.89663748294765,456.9947581794857,455.70616942390876,485.2241183205387,484.7695789510826,482.55201637968577,514.9060155771149,511.4463680291766,489.1082781517229,469.2924067481281,440.9555344317163,405.9953034798424,401.23149974987615,420.07848044075166,436.42113143674015,403.67156758293964,408.57037083452195,384.3701896134653,415.24552954699413,391.96107952208666,400.8258247609104,388.6625101123944,398.57180292989904,392.4299046823843,410.6049183438319,391.75245711678195,420.15788682078016,420.1725622727148,438.0990826126145,462.5801960107004,497.4981987775367,478.17439536911377,463.2568643185556,445.78718038978775,429.18817364097254
32,441.32900178496345,475.87557840517246,510.1950445016653,512.0691706970268,521.801075415554,546.9990134746664,577.3043555664118,554.0662258348254,556.0641468607971,579.3627406871029,561.2320732490306,557.0187062226632,591.0121833285039,599.3422368367244,596.6519788956202,592.2708928738436,568.7705988701446,555.0203071280841,558.3301060124254,562.5845222317663,562.969719586761,572.5366391809024,563.0418674743713,580.4840584864586,563.6678467701986,551.8152365564433,525.7210538888713,503.9309085908957,528.4673701153907,524.7071338160216,505.65787887472,523.8117558762871,527.5904346834673,494.0713554830978,481.2166574966679,458.6067562751618,469.51785654396065,453.77002938807834,423.3163039327744,392.1617531766113,397.8826640337213,364.4033059330076,388.8187538525338,364.6965522005431,372.1561956642232,368.2843576249754,364.2839641112086,334.3097640764118,355.5024215912669,383.0160955239946,348.7872622408906,326.2895545396888,354.56284775537233,358.0274006513764,333.53017112875114,312.72550281139223,323.9245399079902,339.6617174652713,346.62159406586676,378.34198065974357
33,407.7441693914753,393.7632032414522,392.1695069397579,382.3461474964207,363.05525998364874,331.27268743745856,320.92756198701727,335.7262163266992,302.01686252796276,297.7593584523782,307.84001655386896,315.56830419607047,334.9336947082806,356.6700748044664,371.48948226882356,343.685320998956,341.93689207926127,349.1753091033939,331.3649318200555,299.3435590553299,279.99488151665315,276.8374896379379,270.81261197175996,248.17930066466127,272.08599744382025,301.88406425539097,280.97844658908105,311.04855067878657,277.2988178210492,307.0461909105354,338.681206216199,304.52483662731373,322.9361874016861,355.8502974815751,384.2634527988196,417.21316408255456,420.7358094813893,391.2067392733665,415.69198311971905,423.65996102634983,431.69153311953005,425.89928580963806,430.9282241661157,406.6788087021437,423.46271056177426,393.71392207638223,409.79857576944767,434.22706535318747,432.29987278270164,432.9879984066951,419.8429975112406,452.7050983720317,469.0238115911999,459.853010322224,437.0895273585344,417.46009881268077,414.93465884038426,445.9144468623879,462.30469106565215,442.3717534381926
34,546.6332306991812,538.1072673098589,562.7278201025352,544.6467919612144,552.9530347967566,582.8199689624463,561.2768863641774,574.7817477051872,599.2359881476191,569.6219870775261,540.4015531813311,552.5952166524683,541.3767329949004,511.3638464105618,509.63523966241405,527.399187237491,512.3577552665542,500.81103669191367,525.0099947372016,526.4150285955058,550.4062664119588,546.6535308620184,578.3617921712257,580.2216313975008,551.57038216257,578.526891338446,571.1572176245496,545.1998434327272,520.8881528016267,534.0155282593178,502.331603730382,487.39316727434897,462.17829860723975,458.05371868044966,452.05848272005494,453.58983314827486,438.164376185452,405.4074274419244,413.4144548993874,404.574715101152,415.1681650129552,387.774852969254,353.73926783983757,336.11986519180806,333.0781778013917,325.6632159931844,347.38439486232704,338.8330299558247,340.9639125280402,347.5100039989937,314.0382014142005,315.09753779343373,304.2357259513524,298.7253348891802,270.7454527838477,290.54289237925286,321.5111899358494,288.07000737992144,295.1661007767158,313.63518548690087
35,328.226883686958,348.35577462738314,357.62062818102424,387.66201243999916,421.3323492347632,389.29657721467254,385.442220486563,388.73136561703825,364.0033919415739,352.54340007148926,386.6787214144416,352.8148533584146,349.49040856512147,373.4762320853952,361.1493204757454,359.73521566860614,393.19841787376475,391.43979642706404,365.604288277319,334.2247926939663,365.4039527647627,349.0106116940173,349.29508515353587,320.64420877983366,315.300067218376,345.4074535658847,345.57636312005036,378.5558237462133,361.6743183528313,361.9924851321069,387.15964055875963,383.5373053775217,368.101421527435,392.98469696668667,385.27695978776933,387.42759016198573,420.7844848110459,398.8383154439564,384.93636001436937,352.1112320192582,344.5398717129619,323.55271185390205,336.15515733245445,313.84765944606414,326.084552114475,309.52783208772723,299.3930804762112,288.813326119459,303.9859486309117,301.6415970505957,291.9325199702835,316.616110303045,321.6526540979292,301.620811587389,329.6272010574468,318.6127217798017,286.3412782074141,285.96329388562583,259.6389576964873,241.33160875658928
36,503.9021316212162,478.0547585575585,499.54085426234093,530.1243644315076,537.5816114600638,552.3067549016619,567.2578175951811,599.5127953295512,576.6330335430896,551.1384764067606,552.4801828507631,554.8076695389826,532.2615437197128,540.1792030493026,506.16793439268025,536.1047225644758,519.624922011964,487.39413659927743,459.9715975025174,441.7890238820923,425.9624556845155,393.2591556493565,377.81399250291753,356.3199140574613,347.8233789778776,339.78512059279547,328.515662434997,316.47033428214627,287.75152372403386,254.51587002286522,234.0501514194393,257.11376898621705,291.4704525747956,321.46728482880866,321.76263971645244,323.99030962090785,311.01101945341685,330.1867801580528,348.7197483133382,372.8188133441093,400.5041337478912,395.9085811236619,414.58987089116573,436.0377819068772,422.6299554817197,452.6769125621502,424.2808177469261,458.8796602883559,477.7860105594768,449.31497393217967,460.2510492995297,427.64360806450793,446.55669452560073,467.5022990417346,474.6710167581359,499.65124419229585,471.503073807336,455.81774275019296,449.8101692616799,417.7822259596468
37,390.3221132770432,373.8870552049228,366.3785060520455,361.135690291507,387.694511635645,371.6183795725797,399.1803985827188,393.99836611961825,381.94490656819727,382.1207500216575,376.3627800670563,359.3788419809165,359.5663947166412,335.19251603215935,324.827612043767,329.4329273999533,323.3715045072434,346.04536978079915,329.0158930882608,361.8999036064315,381.8304450660261,414.5619568858491,438.2315157239704,413.1787905335854,415.0309968780364,391.9294933617414,414.2054080456494,420.0967584884801,403.53821049346345,433.6101385339654,406.6731622659637,411.1435305089557,426.6163693356265,395.7357669488967,402.58568927333096,424.69877435574756,394.4256863650113,395.2826943424752,378.381696812887,389.7864084204715,363.0938241159906,393.68742426292613,421.31842498295737,399.336634374257,386.9652462798143,393.09969450552734,408.36405806992485,404.3499791311429,380.2903716684112,352.5809762346122,387.5645498186163,384.43919831966036,410.5164207600552,409.28274108409323,438.8477757823135,409.990932576322,382.97227596974056,413.04652911043627,444.3710422635712,431.4012635861466
38,354.9626570576713,351.6341734961044,345.76549110081476,324.06865621798653,351.95493309374274,334.6864651431378,349.0555338065734,318.7564312480215,286.46902445501155,297.230157535396,285.9612675655242,296.8434250559243,268.4249092077424,299.91450580185284,317.31051848436954,343.6492247961755,318.2021635792912,305.61343140179207,296.3975228962362,298.9996082791135,284.78040226463247,254.02455421789082,245.46166579102132,235.3904755883283,239.44675741649326,230.72380843789603,231.97489966117743,249.4510232841462,245.01691183022152,240.72884465547614,249.7539440666688,269.9810142890763,261.5017712334333,267.62813571234216,300.2623194881145,301.80092747637804,330.48675783260614,351.04384153055605,320.15414924606654,315.1910702489145,329.07335879971566,363.14319267108965,360.22953305239554,331.7245148412673,336.0651570711681,309.9246225198453,327.5309917394028,328.0683815617272,343.7085773481373,369.5639052296339,378.59026643102834,386.46101947875104,404.28094015952524,428.25279026121194,454.08655530060213,421.63666899840393,425.56998977424917,405.7088414600778,430.93305381480263,441.32089177903794
39,379.6845420323265,357.8518380008211,346.58349181520896,360.84793043302466,340.15309859783935,311.70390477152546,338.86591784745406,357.3606423180622,336.3462874641315,321.8080955042309,354.8530079033929,369.42592197653113,377.16246227149884,363.69645625118795,349.6352163428445,317.4018696511606,333.3956003342958,301.4178660882777,266.75787973268723,282.8225358829558,314.2436988833946,332.1989122243063,330.2137255680128,329.23689303727394,324.76644262271134,312.4914993204347,314.0114943134435,309.1920613133216,316.06381291617583,343.93221855125245,378.58287776391916,349.09490805572335,341.0227511420172,318.6721848456939,308.3206180204812,293.44372931887085,270.66132853274604,289.1466522722364,288.8868642702829,318.2340550254887,285.5155260527797,255.203986972019,248.43313777714312,225.09224232556915,230.53341864556248,264.89730508848436,244.52447761240734,231.7928550633047,246.84228467337482,250.7973520660845,258.1913029936942,249.56277246829245,273.37807012724596,248.07870872821837,247.02245492834462,262.78072315641504,288.557273976218,279.42728642119107,284.16947835775375,254.00927450826205
40,284.721253482495,254.560924855123,270.6320680317891,255.79626584233895,271.4584361557676,241.1063156887968,268.3943791863868,291.88149305416323,263.10650506768303,229.76946051968608,222.52001979049726,252.02822099023106,235.73175733134875,247.81486891283504,246.7744737476111,269.1431707355633,268.3660518385102,268.4123106847991,302.64874644979227,278.1578154222403,301.3070911344555,269.92957332672745,268.3649871968354,295.40842487214707,306.97340246443554,319.9384258200648,303.37063557801883,297.67087097332063,288.33154541825417,289.83257012931375,287.1885252393705,275.07140987075974,261.45505273674166,244.0147551526002,241.5431738940348,228.47816706075417,257.9174965369138,265.0658539652537,239.4309037568236,257.7673906411038,282.1040434009619,263.73154044462007,239.27358204822855,220.46768941207938,221.67586034317733,247.9562239967782,282.1495238465747,250.29114641991407,268.84241052177083,238.87276213063802,251.89983082577797,270.5813084860014,260.725616294743,226.49104677248948,244.69502924752376,279.1723770682697,262.2055966669644,240.46998607006952,226.8741675447584,243.25086685786363
41,446.6491377569039,467.10809635883203,484.8232255122677,512.3011301479238,533.7052190318849,516.013914847446,519.9253331887493,505.7441703252999,493.82914689390503,524.0652527400048,536.7979660947,570.0192950222773,562.110565572312,564.7311957070904,563.8292751012399,536.3393691279008,517.908508744763,519.8430539870768,489.55925534638726,519.7615903980095,493.43064813404544,472.2893003832289,490.8617860589335,462.64720398418547,490.6666709572641,506.4657389078416,476.26919890546174,489.69849319545744,498.9124911474497,516.926951439244,539.9008011134976,555.1853405356184,561.2176812045864,548.7901135053108,562.5992698334059,594.5872807575604,583.330633522892,582.6569119972075,570.5375435785601,584.2789483259669,599.8816876862727,570.5142900606711,548.5665382049395,551.3271813114468,550.0234591197628,555.0333440352332,523.4685273759324,516.7678793190638,522.5763576636531,528.5397522550005,539.5531295787866,554.9682516089731,564.8765558428331,585.1935767200936,581.3106693398173,575.1690959661591,576.4383763286028,547.3644241904531,531.4853820412395,533.4033666873087
42,551.7351418526487,564.2687507928082,535.597316285841,542.0565628169493,522.5782219515462,538.9593811367567,561.880240812369,568.4221798936671,572.793813343328,558.8562958600519,555.0937973413436,580.5813821084178,584.9434748125323,575.9605369703758,562.7007793245967,531.2273610047955,506.23787909764246,484.7496423653984,475.8864903935056,506.9765456888448,507.3372833289572,488.7760947571034,461.1786043794094,449.8599911016169,471.9611355901909,463.79513112892647,482.87053755049544,504.05988587937696,476.81733975828627,484.42352244216113,516.5602468781389,509.7099121213876,478.2759983515992,507.9071866696506,534.7638263797244,536.3137276843545,539.9714461084352,519.793323302764,542.1548761908886,542.0568788783374,509.4283245383164,522.2393714897463,553.7741103759357,576.8146447001383,557.9435169767494,526.6762729220832,557.5008717997558,588.0952625413349,578.0680633314383,579.6364375338367,570.2476248918505,562.4284293996394,535.7898199146484,507.56252279992515,488.85377306725826,512.4186253157164,487.626886367214,468.49579200124373,471.8987761537983,451.95796141927747
43,282.0185401927591,286.4506771116164,277.2172060813795,286.04835609021234,314.90272991881966,290.4722491192744,319.4126053061889,347.58690302579316,370.62303385930636,379.8130480707323,388.2233140933206,397.9682002888757,411.30288887412263,377.4566429158536,409.5231234570991,415.51538675968965,435.21799551785915,426.62772425215456,392.49552922626026,393.17695541761134,393.68026376972637,389.269513951528,378.04970774287335,360.5375338895539,362.4656751043567,353.7351448829013,386.6303766963879,363.7352882400731,351.1118779739692,336.68911093868917,339.72075327520616,339.67037126339653,349.73220384309565,381.2323277832902,366.19780376786093,379.69181361571066,346.4446278260735,329.8118209174272,327.2722018771887,294.44183707086813,302.67869930962286,315.16044189774243,332.4316619364057,333.59187727541655,340.8680038239204,333.5925714134145,301.48028368887384,273.47691359308976,284.32662828719225,319.0154992581966,285.12172599962736,289.1525707774741,306.7231834792532,329.5974214402247,332.7617645258095,341.1558831386968,354.92662930791556,380.0542667864557,353.614534390653,383.4472881298934
44,229.88661334959662,257.5341749042706,227.90600476344943,228.35071897422245,220.16881404541297,235.65915027947023,236.93835431360384,228.6213986503599,239.67718373168213,242.0005067074847,263.75706784341924,291.2761892683215,301.9558968920172,275.6646241028739,261.34197973256346,290.27426051082307,261.4856750213753,254.96558377873316,285.94288589882314,317.48942480168716,311.2736471951096,322.9914293620254,319.96362124680536,337.70585900734926,304.91655215585916,280.00755258035423,288.0014688284062,269.28012719942063,280.903788148261,270.4893930705519,297.5545821394994,319.9027391286985,319.40138513351326,338.5040412301533,322.48369326660963,322.08187764344,300.9056212738695,326.16765307033904,348.78238623012805,376.93286301875816,403.3562517044563,435.52799004862095,416.5115262628558,446.7392266185279,451.72415001316773,446.2988058874384,450.5249786051895,439.507143570709,424.7058540579756,406.59785771640264,377.3678169784015,377.1273597787046,404.2706770786767,413.38131492788364,414.8496092207878,409.85111349835194,407.3592273405554,387.00864167059194,409.61415307410874,388.5009605038157
45,492.31664755637894,510.5155983611096,515.756431303051,541.1612775498891,526.5348022214346,553.248007708435,569.3067398803863,586.7792200860363,583.8257719944388,592.136722516798,599.7041946377163,579.5341809714795,589.678680988589,588.4240177991455,574.5168905766465,595.5816483573361,576.1292683462133,574.4186605626743,545.8367904523341,526.6410540369727,550.489785974336,543.2484765723552,535.8343628314233,518.0530341047667,517.4657575055885,538.872944800132,566.5344330442938,536.3348573859762,541.5723085727843,539.2814443252478,547.2811738582583,543.5904719418371,536.4956094015762,534.5272592716404,540.2671982845894,540.3360230568138,538.386134628259,560.6346063253246,577.8299657119746,562.3465859295079,583.3869841555803,592.446469660509,563.9781048787751,569.7658771999281,553.3779548267125,570.1200173615831,550.6124053846831,562.6106520767954,545.4693780008298,546.2494414409258,577.6546941950593,564.5208915935727,590.8225856109973,599.4232453538225,595.5475993537639,567.0914124120097,587.7532444055295,554.2721990183558,546.8033308773073,572.7546670095578
46,481.7258408487695,484.01767076242095,476.1681525182044,498.02893877112444,512.6980270474999,510.48639942059697,537.9603030252731,519.0566642725773,495.9840699136811,505.9803334170318,539.0199374061556,521.3278975376295,503.80482406299734,478.5697434203506,503.8091922895049,484.65702011829825,484.87951698904044,519.2405904491948,485.0904535137378,489.0444798494934,489.90471283883966,511.4260291875505,501.2957369562449,495.0196320791778,471.7752907210983,488.6323569356034,508.5619805787738,483.1284130332919,475.67040821247446,503.1737578878623,468.3632670451674,454.2764019887517,458.12936194243,446.5159321186268,430.5590953610636,427.7617193042885,405.46833687196704,407.5421037391309,422.0108182310567,427.28146491505186,398.799118075149,422.90772106673916,400.15616969086335,418.6930097336424,408.9325674879519,428.7258618518791,408.1649650902533,386.2313123489334,386.02312158415714,353.32864261304235,334.0994563278057,349.78031398071005,373.3971574620898,344.05213293773653,370.79757259840386,391.6237768821264,417.50167758161393,431.3916764021327,443.58239111271024,445.3389174468507
47,468.0591453066997,497.39682182636204,469.43336192553164,456.53687537475804,426.6087235264691,457.74508556255176,453.9136681825089,466.1877811298421,490.0661856451446,524.4362030104988,500.76097505595743,521.7268574562335,548.846460325805,517.2677367053662,535.0540759183564,524.8848484021149,535.2866238050451,536.2699975277657,519.4519551738302,493.91745051410925,467.10375683035386,439.3363568699483,448.98165967936876,438.58041927733643,418.7447599517475,432.1767164411607,445.2561860448134,447.99796650980323,478.4450136904128,470.42400989131227,493.93441788016275,464.1941764354165,480.98235301811184,515.1736719863469,539.435547126494,545.0120774781982,553.8857019810995,543.6159704416857,556.179935719753,575.1076125424458,599.8938995047222,582.182352159137,550.4202887163718,557.1303452675407,530.4620357662925,512.5955888152203,500.61018260662183,516.7822737270105,494.64884239850556,471.2515486774702,439.39904565238817,465.5258411971598,479.07122090208406,446.86747349531794,413.84793488998594,417.9551356432399,402.7325437333097,409.5033882635447,404.9256805612123,434.5575599229301
48,329.3674256853198,341.9076014760424,310.6914032893443,342.60164068256904,376.2546634361537,392.98988746730254,390.5547604767527,370.954301229661,392.83044504701854,409.3752318473101,389.9120146165765,386.49708520758514,383.8930108547601,406.74174935284975,419.6108772562351,429.632605304039,440.1205248834685,424.053430440242,415.07321862830935,383.26957860887876,403.3554581157274,398.66533317761434,394.34201817374446,376.51695671909835,356.17686642125835,362.3244014910904,343.6031125553477,313.0977321649302,331.8232512835931,323.1761116920387,314.79260256499003,309.98488227109544,332.038019909662,319.4966026254492,337.55913741349775,368.32727626806576,379.5880499828017,374.8057256651934,392.1510062854599,389.2038221680569,383.21373114562675,384.98355259571457,372.22411603236515,344.5216311719652,338.56127155879676,312.2312532378479,305.9621563867292,309.9475168716707,340.097299556066,307.6328627292372,316.13495118437334,313.17641424987875,279.5946932241685,262.06306553987895,235.35703320471507,230.9171099951862,232.60747207040004,239.1051801533825,248.62377169295263,220.0629871475498
49,281.5103570389215,253.06000403153755,257.4107737698513,245.44601469794017,253.1484576126717,235.1169159057539,221.21430050125824,254.09094384453897,227.48311031897632,225.38935418458482,225.91893168054497,260.1527870450034,268.3890038569031,276.1093004761727,310.17817458246975,281.3688884316956,314.58395090965587,293.86487116843875,302.4798764177812,296.8857259889766,288.7623529323791,318.94938592594144,294.3953269167594,329.1901576920965,320.72891196850486,331.14315524070366,363.89662644453887,332.9286999710671,362.52920537583043,367.2760023506345,381.5837838790561,357.0266767511005,359.36379690927276,371.50975694003984,368.4470684571776,344.29603092460155,326.38436618059194,351.1918615501368,318.60483104843024,333.22517653928713,368.182479095304,333.7062888227777,309.9794866201735,322.1695876826929,291.36894610366727,297.6542449735774,310.53425222285136,316.7044965908363,307.267425802311,321.0771865213757,327.6777964823432,307.21239852891756,311.63188657987524,338.36539177960015,350.04372177793164,348.06912729550095,335.58001449636254,306.59204915699263,288.71594845012464,254.49902116620603
50,594.9178486594865,568.8354159598889,587.75134375196,560.7195878003548,545.571668272745,539.8510806187306,527.559477108643,548.4440340018333,580.4825725629129,593.2013760614307,564.6207195672675,583.9889269117178,556.5358577194902,585.4725351788372,576.1217481168966,560.9272785482118,536.9190633616053,502.74569953413555,485.1019889503975,514.0833933800893,534.8917468391453,567.7773063816957,539.550767244552,546.0032792899489,529.0038124721033,532.0097318761718,519.4415738656137,504.28416238264873,509.4533335243705,487.2856048552383,485.1249454432865,495.6818039963689,469.65454911916515,499.79614808054845,500.1968770423372,522.5638350742412,533.3372152177157,548.0372811032938,563.1664469727925,589.4234397670956,582.3894648367492,562.0266180804068,533.9922930809888,541.4298364424988,511.0745327064394,492.9650743247065,462.21457724684035,465.63670847730003,441.8603772233008,449.58888958364395,469.9494487440727,492.48109919810304,479.14914476773697,482.57596205635167,486.98671526239684,485.08881801318853,495.94679041292204,475.65288908056937,509.19991585164496,481.06550374801026
51,535.1040336571853,541.6907527437684,523.8305850473284,541.0278350935495,511.9414977909445,531.1507462023593,537.4497117593703,510.2022340471184,480.7676234635843,498.3261668041367,483.8316802594053,511.0828098131102,529.4279212852225,543.3012384154626,527.8036620998042,542.4297784313175,573.8001163473558,544.40356755809,532.2349524983397,513.6620110806513,506.18952048869795,523.1528063284743,521.3497870282514,526.3009294566687,513.2917716221526,488.18202031824967,471.86737574389065,497.04499683082975,504.2141841815685,495.6733913053749,515.966810026866,485.4788302987096,468.2512064532766,449.35842723729036,483.33394658906593,497.76084735655917,506.005862903758,471.3548104743711,449.2565106206611,458.7444011287766,450.3247539824932,480.02438084002745,498.5550761799505,494.8719612762389,512.3380097039178,545.6163123717533,542.8849701008563,552.8617822530537,582.1683053073443,560.3062091298387,587.3652630864782,557.0117795309159,567.4031514720511,585.3205436612559,580.8538464961274,572.6851500682825,576.1550419559326,550.0796865358667,530.169636258982,514.062590335926
52,447.1561494394145,443.0892246015694,425.2025335755782,451.99918682569876,443.1737156462244,439.3959359923168,433.0750113507464,410.8110182201191,427.02490930023544,423.4169876590555,389.5549853515458,422.03594451673155,444.1393973284105,459.7885521148367,485.6249830511337,514.1014908035223,502.725770250433,510.4928777396019,518.1094243839935,501.8204012007353,482.35705880203,455.33056663936156,466.48256035351324,486.14688972566785,504.41359829185814,491.55287469480635,470.9210642273705,467.674056719194,470.95099893602975,500.2870978938287,526.5247186930125,555.6488018841404,580.167168843659,598.0578871630953,580.2544405840935,547.8534037584978,518.7027460088914,511.02207593295543,494.0601723220652,470.95601371733994,502.68027793294533,481.3596491216889,513.516198183755,531.7749170062395,541.6411140550052,553.9624412612617,542.1656439174004,552.4155365814802,530.4839848611688,561.1233651386874,547.248898935929,530.111954796477,544.893350670068,555.8447609347007,552.4356852187321,561.7069216470871,537.8714366703471,550.0044181884839,533.9471668521475,518.0456852194994
53,281.62837527863815,269.89477473116966,258.0823489529626,254.87487977212146,233.30553999482808,229.32333325722053,244.0116592501199,227.6052694894539,249.3506426758428,280.7436042012727,275.6192977177792,303.69666963832657,275.5788310171371,243.5858649334322,262.2620196252074,280.5335297339122,304.54760660151476,273.52484408951346,292.9083379364916,284.2660492322523,270.4996835200062,247.611358014037,282.36189903034574,251.8183502826662,275.2593112066496,285.0239216909865,301.4795527893172,316.29975118384294,341.3901651389657,319.2556100288933,284.31333320732125,291.2103274403499,280.98043219298324,254.6455453711829,232.9637350443022,235.9119361239236,223.57571689235166,222.19546757274432,254.07202485740257,241.55756886142217,275.552580310165,308.058270893293,283.03826065619097,298.08296185892436,305.1393040978192,318.48459921517997,290.2179692161932,268.41717472061225,238.78188102217396,252.49147394641014,286.5864858914297,298.62540352748556,313.37871097902064,347.2996638870503,359.76047267907603,327.5731827630689,353.26357482303075,343.7910551495465,309.09650865557654,309.602901084834
54,576.0657003329802,556.2313041656495,555.6372262793483,532.8016084241157,501.8400954407665,472.4782417106844,488.3690051279793,513.8542180799298,488.88513682760413,474.06743657433697,452.7194993094749,419.59940369432485,423.33959958641367,437.334151496049,447.6855751580039,439.8493234691613,443.7000406849547,415.2869921494904,391.0882524600783,421.31387582878716,439.6194181761799,469.2111548839416,498.3787747988973,508.83625799643914,538.8129633642907,532.9822505800631,498.235387715009,467.61536582424014,440.2794786232972,411.95422034609743,401.57338770561586,415.6623442032709,436.00776066530557,442.32268986942927,417.5732220884178,434.9263342387901,424.76246857842204,390.67200298544776,375.3132064227402,363.4552452126087,347.6524326778759,369.4833434010069,387.67819123259324,401.36683336147814,376.09718885733673,397.6455625367765,410.0478798532091,388.68651790690654,399.0530930266127,397.8989078968704,393.65341222680615,366.50203366987336,367.7833329790349,339.77855960710036,316.27629671489905,290.55453871413243,322.342118249033,307.2826465801053,297.14694923182583,284.69259167254836
55,561.3351691676946,565.7427829611369,594.4012395749808,571.577818972184,543.8608844822774,547.7961761729696,536.9837655982708,558.1172439426232,584.6768825664393,573.4582548518059,598.2373843594748,583.5675889559255,562.5016779887927,561.7299640628919,529.3416845310968,550.6217657495115,522.722219309321,509.3346135045313,513.9067717948773,481.9150305901602,452.4672135328616,466.1953585657725,436.2197550800263,434.61555571734266,423.32425005679517,404.2898086137443,382.5043314642009,400.94312202548144,432.55107554600124,407.36365750023447,439.5413428424234,446.17471808568064,456.0909464611086,470.78579293108936,485.07411525591004,507.4608928289083,506.3036984232471,508.6387995492762,496.3066897217153,468.6747212865335,480.1995346513688,447.5522324944064,431.8466860702422,403.4427765814692,381.7936775940595,391.50484149687617,400.49820561122044,394.9720495209203,366.28408787518464,361.62026202734324,351.3124030574238,366.7445437573403,372.2764063312739,371.68601004486385,370.77475580621353,403.41553791444284,421.35613343368436,421.1447026658933,419.69028556812174,386.5438226594692
56,578.1535200615265,561.2974368444809,544.2131725761329,579.1717973532699,584.2949499741363,551.6965324686904,521.0285158604808,487.8136253376946,494.7869483035954,464.796463307932,495.13364828707716,525.7171060886647,528.9408907610302,537.1056159587467,522.5382240655142,492.01630203409337,508.6385331975204,480.76355240995167,451.7525872812392,438.53820492553484,404.4108011141866,399.79329421712873,414.3309579227341,435.42538312226986,442.72689438819435,467.00808860616826,460.463242869866,484.87728882409937,485.33042055898596,465.9429495188666,497.03314478509924,481.2811059536974,448.11520984684296,430.1023928536948,420.77052214171476,410.36499997196324,412.09172563301325,438.9106073755279,424.37428327320686,425.8282258303487,414.63795258854225,437.1620667446663,413.1941726748598,385.4398914565639,385.649559183196,397.68169018678043,418.3684542631341,424.6421939665062,443.81167725883626,436.3013813581009,403.60211827675374,376.7290698298627,344.4396519158924,332.4657074492469,332.1501013380547,322.0923251940404,326.33428844868786,324.976928843183,337.43292497365877,349.1202764230972
57,340.8643759012982,330.09938777657464,336.05973529146587,342.8100080438248,329.8390019984241,317.96125400270387,331.54440492573417,341.86316252705905,316.3167188546433,312.1896504319208,339.6790759416621,307.2204732689754,332.0819495228704,308.5044205173604,309.01182478968053,303.71537481429135,269.4244284281935,298.5022140244677,295.3469799378691,327.14575931111216,312.2178323796574,337.85713651877546,367.4244066984696,371.40267584442427,350.5901209951645,363.5574412425649,366.9859058996271,398.1029825093109,393.8520268360453,377.64798217083285,352.32807227542037,366.2324220834879,399.42009541212866,366.40415935212656,383.2353341865954,413.1204595657721,383.3551669616865,356.06707011911584,369.50406701059546,379.86150332330067,349.6794223954379,373.08901504601886,374.72868439516134,403.23250052872424,429.6918621982135,451.5674060317251,452.6803287688346,435.30007369129487,435.7183589650741,407.77515541119874,418.8943858043386,393.27279115036913,394.05489852541973,362.861636717097,348.8275110363222,330.07314328320734,338.4753512730243,358.5504211145999,327.5616279324367,352.0814858933136
58,547.0917240827497,536.0505592829113,547.1808439008339,540.3637561200753,516.1571178733495,518.1634871727673,489.2086643878791,515.7017152655982,545.4019984242708,567.914918015069,570.652163114813,571.5324263039638,599.0230675400442,572.9418098918095,542.6550280215613,546.9908926736438,535.005884520351,522.569598616914,488.0655734088104,494.8023320771657,478.2846912364587,456.43478960994634,424.2650248074566,414.77033516074937,441.29815622780137,429.86511275961743,442.40030746798897,460.35859490612245,448.32565154943643,470.84050300027934,484.2720791769658,488.41903518603243,453.48850766957645,420.94486128417304,455.3054703715975,475.06534501684666,505.69491313095295,533.8561374752148,500.2871462952074,520.7164565805825,517.2966586613634,537.5657329414092,503.0358378328462,488.2097889168857,505.8024532222769,526.3139084243882,534.6939305094119,520.7818637706504,507.5072451608008,540.180722615743,535.9255751621373,532.2243636792059,535.8876561960549,529.552819776562,533.239829298381,528.50330889211,551.3733532642631,580.006924650143,596.2665344025439,583.1236820778115
59,388.0164518365082,402.38325595193686,426.06590734265035,430.4746642872967,444.47333581485503,461.9543903653424,474.3019547355525,491.53130363660415,471.13647691552404,471.0226952070499,477.201494029406,442.37494918939757,467.2923248063553,474.99404039749913,449.03358361637333,471.17857869668126,486.3725663475194,504.453534389974,496.89650672030393,521.6906821889534,515.6726129382187,520.6082536444101,485.65321490340125,495.7943329308516,511.0666383798072,515.7642939640227,515.5234111570759,537.2189643168955,549.9150545184624,534.380237298864,566.515370964463,579.952302387936,599.3360658058936,598.9750654745877,597.0787280735859,590.7233776938654,582.7068516650718,556.710197719966,559.744796939629,578.321153507232,572.8427364501641,591.8101047787544,561.5461315752353,553.2119559386397,553.6294652401957,548.8922359510333,521.493294298542,497.2402748816661,520.8734853815502,519.7803835256517,488.19095339834263,454.3453415267781,452.48861966638094,428.995130481092,443.35394670103756,464.02658907798013,445.0073586699775,451.4597448117022,427.2708698556792,413.52165546728634
60,557.7422877889446,560.8291541927064,587.8413628528003,563.4637423183052,551.5654463457118,549.532096037689,548.1377013013071,582.9730590041661,553.9272988615264,578.5648513536378,592.3068756316043,580.9246536082734,564.5285826535159,565.8744099536966,551.0914126179384,572.0289340087342,568.4061037939548,595.0615417572985,584.9308740119541,575.6823934997609,582.8613256333865,574.1357223684167,594.1878479998761,566.7154845913988,598.1801277845877,593.0848801183138,594.1626221670466,578.8833117760765,590.8642901008402,569.4039820581843,584.3847484500137,556.4936685471096,542.9873026644851,539.1885890996664,526.7509693697059,518.8421674633987,541.2494995982576,524.2168120482092,541.3864940990293,511.5463389368449,530.1480764628992,550.5897034609833,543.7086177461571,559.28206536788,588.3417536300369,590.7016168217698,572.9977659499372,568.0200855925332,585.2213872350999,564.7863400203041,586.0581318419253,567.1145464476118,586.8295826918076,556.010796270548,524.1186070542893,558.9558883701769,584.8178869966051,594.1210401803112,598.0083749357977,579.2224075131834
61,328.9975107784578,303.099260429711,303.18389977740355,283.5872822107661,314.0758421825185,279.356063553513,254.37983519553154,237.1004540666062,230.36573501360428,230.242604725661,249.68130247699946,241.18390780224354,254.55447316899094,281.9214215592823,289.10039514608144,302.71769053612815,293.3029214116232,269.4846141452128,256.9254985167062,289.42528392599377,297.95208083771337,282.3778591980944,278.9419278994417,302.42784051961127,314.21889046901543,318.4645893200572,345.4259906844261,357.4967607396014,367.4878418949781,345.7716114997319,318.2188193106004,350.7787675046183,357.69885341164303,351.79669205189305,358.0281495156083,327.35498679062835,349.90389596391583,330.06908345341935,351.38730389567564,353.7937949241284,338.1538358801116,305.26853225705656,327.376867129919,304.7290770327705,273.35543512756163,291.2668762853733,280.76990185148185,273.0232822428973,255.31801335254767,280.4605068613305,266.27357368878774,245.9870535713594,238.86022962699138,230.94168276714174,234.5936153835592,224.1131071382893,226.2006020135855,237.18282986742295,265.8930692992839,234.90342156984394
62,300.81638856881165,329.4005858567234,356.70161304791793,369.26317137863384,351.0963201653005,345.4830594392055,325.26852904986305,299.26972468862726,290.8696123045997,296.1771246595242,286.3724119420606,294.1301304746785,279.86796195122986,269.0774988944852,289.42465030960784,315.9066814721779,303.4490671793516,308.4551732735209,292.9265331459797,261.6599580654996,278.3099607607282,255.2802045872587,250.0800812495429,251.69696028133924,232.30369392302956,224.47281736656603,233.73705416929923,266.41160986094013,274.47110116012965,266.1698171483328,233.89357460252785,249.34950646559906,225.93673366187167,242.20998213630017,263.0190751456082,257.67004952624325,243.62885416339995,222.77808333413643,220.93606063269763,235.4534608804524,264.56782605934484,246.65222057486818,255.39179666467837,268.2932040422617,237.55129476735704,228.04562297783642,234.2600159508453,253.00880044711113,249.8582513367957,267.6186082647348,293.3504588548583,311.43651821675627,345.8938227286837,363.6990975398992,388.3516411904207,411.6172862829708,427.735889642574,448.8620168084864,479.2898427592051,477.5543592560456
63,462.5490690867665,463.5948495968606,488.16743870030575,483.36261090131126,505.7434848814425,526.6983051354423,559.0303322312436,541.4547811792629,556.1281468712767,574.1125117066008,596.1201574766063,596.3803806746903,583.5297311270908,578.3389013221118,552.817806122669,586.065195292333,563.5444250267699,579.2759603183604,588.6208727445822,574.0840627800169,551.9491261705617,530.1763530659398,555.1310731290512,555.8840272014472,527.1936159441259,542.3849790375281,524.8969527338802,551.2445852864417,537.91461030854,516.93356841485,487.8736594636954,488.6808390283307,485.2324701756108,502.8243202978308,500.34650140134335,489.4136192260493,472.7294633203554,457.1997355032534,487.14908863120036,463.7045907773472,497.87694049634774,485.7613023598035,456.9486188390283,439.3569454941789,408.4459520630022,428.7480359044763,429.6267397823537,418.21580310302977,429.55927542723913,438.70453224376155,469.4955784896929,501.78381466207946,514.4316789586578,536.6787938657496,557.1485508892122,556.5397981782052,570.8518783405443,540.8720466863782,558.9335225068997,591.2618330103655
64,252.2904061877806,276.26257076520073,306.5711726306497,287.40439491679405,289.1411780494383,319.09125383184744,351.3070741484552,325.2588410531173,314.68913684199885,328.5592617225588,309.0683566795739,296.8023006839876,263.4326748843161,239.17919254950002,250.46655795432196,262.75555867509473,273.1793868518033,292.6646198062785,286.7343187679939,270.87866890487476,236.96931790785152,230.73841111936056,234.28812218317438,228.7834813160886,220.88199509139397,225.64953432127612,247.07663666413174,259.08254514740537,289.58039990526834,310.45218030308,315.1951084819634,289.8240528064882,294.30908013124923,263.62073439524187,258.7826772140016,251.10078124030525,248.27882702428147,237.70705588701443,256.148103731925,280.0142164428396,298.810405924768,307.7530526301297,310.4371885834406,277.61308118400274,293.2184610924372,296.36726686293207,280.31914040940416,268.26808312914505,298.76055818202695,307.46591534023287,305.77978576625986,314.2443075458484,308.2062702948444,306.11902941905555,291.44067738859246,287.23040843000757,300.2218647006613,268.01779945671416,288.66971796744497,273.47828582773684
65,479.3727215043499,489.3634935319541,500.04745697184546,507.61648110975165,539.7536097746191,540.3377011632965,556.6000392493711,570.9814924357916,551.1069901189616,535.9383988620393,530.619595733027,515.0584508654517,505.7304677905489,498.09771076553034,505.3682300312144,485.7605330226687,507.06096363403685,502.6885086080422,517.1255964258695,487.82657011272676,485.72414770143246,452.69951495384544,465.013214380935,454.07291977072987,485.52061675813786,473.2093117802372,477.6757246414781,460.69285494010114,469.10073896641495,466.7937034757414,457.7376817811357,436.99593621674825,409.80243029475014,383.19396967171724,418.126770897106,411.9885217771124,377.12360132824614,408.82861667206714,375.22721136815403,369.5282401569714,384.7516711749173,413.77361828094064,428.6756586811877,426.1294615241885,459.34040425307575,427.09276106540466,461.1752152430652,485.6326238626559,515.6577250615011,498.49179474832863,473.46385980822754,484.89592936431654,486.00609002334494,487.62784727545153,517.3511897692769,525.7568532350052,512.5313216923265,505.53598064157785,479.88068909800745,458.3426719173057
66,274.47302667962464,296.19342056441945,310.53456332246776,312.6587145552274,303.86446290915734,315.65906323186186,337.5624375705651,364.24876266758474,367.5398986420281,389.9318571694072,390.7232739082958,388.94038015144815,414.5206100449952,406.56678558352166,399.28067311637085,385.624467286315,386.93358826693816,390.0730906252004,401.3053707969324,396.4405325046023,376.68914293645423,402.36808730542555,391.58814801208655,421.1941874008988,400.7089207127507,404.9129440492868,407.47600059634846,430.48134995123814,405.20094702379623,433.89654912801853,436.09652118006346,442.1241780540691,442.8358185849128,410.35756206345144,410.1539083899133,393.60238477730263,382.59055740375084,393.02766934685064,392.86646841003807,364.3917432967603,334.5046325300834,312.5006712232994,290.862631483355,298.44368447135054,275.89069695453856,302.6110565837725,282.29430282671143,253.6735040065582,280.1405475632016,265.8134778885729,260.5930619769344,292.72490885780536,323.83075419884955,338.8749364473938,308.7006630686726,315.23447184747045,349.4699273004285,380.7540632901071,353.17423776650315,345.891948982829
67,339.90396344307896,313.98493092642235,327.6208127138356,311.7901982190522,300.93080443782304,272.2559258069223,272.11365492142886,248.1854053770728,247.3018085734211,228.9304796819687,261.9030832101029,237.0518605339029,247.16519734666866,232.2452897142672,223.60773552816735,227.81067765132454,222.344916655131,225.2057836545967,239.84091728399878,255.746161074745,226.85994812976986,238.46101672089517,251.07405680773357,235.47624063579948,238.78111943506894,223.86335970874583,228.55503335417356,240.32943925655755,274.8006103759811,309.5391647817204,343.11268246042056,337.72872950144347,308.37635599047,296.02649659792337,277.6665028738918,243.6553631175816,225.58596199246293,238.3932306511921,238.135676273455,229.5832169674827,251.92604036228693,243.90033278497924,270.17530019229815,252.04370141071638,256.0958923908412,233.98563759128396,244.26261649301642,229.03556424961513,227.1152058948766,245.78391357778114,236.03394799063673,228.7965800757701,260.72066961894933,228.7308971707529,244.7144340025489,252.73926499913642,236.97606095432417,243.53329182237954,225.13558126102453,248.94859655287914
68,304.24491638319284,282.78189157105174,269.823385050477,297.98927946889694,318.74194484874494,350.024405228108,360.66176945042395,372.0662752226701,370.66844518250525,399.0314878181935,399.79288826711655,389.64709322276826,399.47334391700485,402.7031084550723,376.384495526765,368.8752745006351,355.8080532772487,380.08641752802794,371.60539651614556,394.11426280086806,390.08153437393423,407.82657381512695,382.29630881091026,412.0218241870026,410.66101654292686,393.8468937367683,375.7511661823048,359.30657638255286,349.9772684868106,365.20363577410376,396.67584877715933,408.5084688858136,411.8101078519007,408.2119544131001,431.18556710573324,455.6615712769581,441.17420848725544,472.9136258929956,465.5717013174423,486.5771661608493,519.2545576266057,533.5106246864984,509.819175538082,515.8487624002571,489.1631610169476,509.4031038077724,494.09516597894424,507.76020359314555,536.4664807822595,514.1371703291716,506.63721903125327,516.935534196403,511.311635693068,488.54896160679806,455.58397459861385,449.0458446577513,459.4904765184857,464.6693710891599,440.60625787240485,437.15479894312193
69,360.3989975488761,344.59316570941405,360.6421527796413,347.3177948815442,350.12773154485626,379.7533790137294,382.50269777148014,390.6943014827194,360.821520514448,338.2909105763696,310.3574945272375,328.89440091214635,352.4088765763253,330.46074709994576,310.8097696645621,298.4342799290569,304.8097131158254,313.33544668182674,326.40822377972876,354.77171671467113,340.4245265494288,351.53765579390307,355.71825499834154,342.1268618272212,370.6459248887783,342.32976372592356,357.16983560416713,373.12099551574926,402.1938524540466,403.4944939186413,391.0080575939885,413.9499044841899,432.9066242124574,432.92871722182036,451.67873351618715,435.43002566159544,441.6954687898382,467.25831062498946,454.5172259481453,453.3657247182974,484.93886451039964,505.8136934484212,532.9064248715599,524.8737191338912,559.6290873083103,535.3086796361772,536.6226204613188,535.1717572220563,556.0620105780657,584.6652546541166,586.4669690031317,581.888260820584,569.5897685225985,567.9703048874395,567.1085496036309,533.4913948244235,533.704601162361,558.6225571745497,573.2717379545071,587.3894482928974
70,368.384296112038,370.41242269594505,337.7562725257421,329.5661284775961,327.77525162008124,310.63987459201695,277.8267431213624,291.1553107358891,286.61145329530814,280.7089268131645,263.2079995951601,265.8561275250213,261.5180022139725,259.6969153260089,265.35790971655564,230.80063502333712,261.5730487901415,231.5491665762972,240.99017117618698,231.61084278195105,244.41393767065708,236.6495742175146,264.4189694492293,257.1641578265987,266.8770467303893,249.2986277007408,221.24778884571938,234.6497082679498,246.6363976962656,248.32483097535516,280.91939698469315,295.3981391539151,330.0950251976928,315.74923151967084,335.9829610921711,339.8720538204341,347.695278631829,381.70500266279197,392.48410664537016,420.4012891089544,436.2038055393017,410.1208340600342,424.0804937825961,422.9825849905798,452.29844449934376,473.77685580267564,446.0662839351814,420.44037899093047,390.31314911683285,389.84029034895605,360.49431349347077,376.15179705369934,379.81689775522966,403.3288489839496,387.9145541909418,389.2544090822216,362.47798709595975,389.40068728147935,366.65103464176804,338.8163922362964
71,297.9192274388097,319.3554316494184,291.76244858734617,299.7723732260178,317.00506426907657,334.58074550287756,312.88500756544676,282.1986874518796,278.6151343159348,257.78910848305304,271.7380651140287,261.7065610899082,258.16133696222744,231.10528227934725,246.1670661690288,231.34797038317032,251.46960730268282,224.73056368695282,258.77284225038596,271.6897307513928,249.41080049822764,220.90784739693683,232.00984249324313,227.18372747397265,229.213404153542,258.5872599014226,265.8115861049821,243.16362181700507,252.37732686246545,237.23381669091077,270.9906970023891,238.28370312084775,259.0206373967175,278.13042923011744,247.83182270715645,230.798865422176,237.60080896114823,265.66564617895426,268.2556418682492,279.1271213687595,298.9380198507385,321.9066150343649,320.2465330502226,320.8620527643663,336.12246276051087,319.55642787200475,344.37070941759146,310.8257871309004,289.52979928558113,310.5437952981364,299.36187013062346,274.85016841908487,252.9230013188831,256.0505677887093,280.2832748428585,250.22882494683623,221.9882338855122,237.20574780442084,269.91847904405114,254.44916528303997
72,584.4848048454784,594.3261927159176,570.8423742482672,588.2558224134157,585.3161254055241,575.7454447905131,565.8051527374304,587.2337413758969,590.1161786674643,589.0903739300144,599.9199313724464,581.7061813414097,589.710188192794,593.7716711212621,567.4956919410245,535.3353580043193,528.6677461575199,553.6393140680942,538.87654375171,552.8772545364296,518.391624270928,508.26713453334463,516.3533031664152,490.4363064714788,518.1987903217992,494.1379687199947,522.8235168702743,502.9707684780825,537.5702756521914,544.9026855828828,515.8068281935646,485.3762346070708,455.6207533452336,461.91324565560024,483.5837898185172,476.7911817424526,472.9296848921829,479.1798241487068,481.4926664837517,494.6569878008406,492.68198821225246,507.65223616673717,542.4639881450015,531.9848371024151,497.83991950648965,471.6336726951055,475.37966564419224,464.4777107443179,495.2764923036674,504.1977186111842,505.62258162876697,526.4853467178083,509.58663769124496,531.9683355110101,497.1826128514966,505.5600282009968,535.9930287742013,556.1432254165722,580.8976188668875,567.3738130776345
73,533.2107995180479,536.7690160701666,545.0668326253905,514.1909063788967,493.2995251811041,496.8670342670528,465.98310831469763,482.8843847758376,506.68837537237073,536.1137406630071,508.2375328055935,539.0179501671895,508.75135070124014,506.9352858161872,530.752857260134,500.67463695964585,466.9508120688747,433.69715237834026,434.4860691388626,456.297841260629,430.217708235711,403.9404260212788,408.73870587476426,390.1393979315989,406.2543593917401,437.72883656411256,456.35117502614145,482.7534506726656,484.12447470268256,507.3868259979099,485.1900488769777,454.9744012046716,465.8911189133996,434.52779417646354,462.00149351624117,475.4102838137605,507.06433459238434,494.0364005343108,493.06748217842426,509.98580773158255,491.98033671384,494.90975412165665,506.0724633720401,539.5890691833331,556.7182997803001,529.9874592998352,528.260800896667,534.474755705937,509.73837570644173,504.9759996951172,489.8564068386248,463.17433479696666,464.0172701394085,440.6115858102727,446.94920441127334,423.82798966820394,439.47963432040143,418.14654793247837,445.88650498680886,412.72115994522545
74,418.35900707737966,405.7663406894379,386.5216974936593,384.53389203521965,408.4752595779179,437.5446639647833,423.7720672351325,399.5691207817875,414.978952111429,420.71886289334816,399.7899933007773,418.0106984668979,419.3358289338478,430.07349289936633,420.22722527680355,415.96405456796987,393.5880014542158,411.5441121893897,387.5349048800151,407.0160865125894,427.8766363545104,445.13870383836894,411.4982990024808,395.61762388494793,393.4012658803749,400.08937239055064,429.43491934638416,420.7273373953933,446.9789697095701,423.41901987914866,414.4086540047526,383.0683947622452,400.04264513613873,375.58833815644266,358.5797392518347,377.84606690535975,380.27623712494943,346.2543274842418,311.4107918165596,312.1570360383524,298.503922000796,276.12572322045844,284.0772988605862,265.06785188080613,271.52235235875247,263.0709688997916,241.14320413667687,227.7536424904074,230.12665354616635,221.3462232028538,231.1992513369875,261.6696314262834,284.86498023809537,275.9052432084715,281.21359650919777,285.9288356401819,308.94046338374176,290.48077048992934,276.22789470544024,262.352875067633
75,235.53059611323624,235.90136532160346,264.6870098629747,293.5261451929784,266.2006193967769,263.2647173100671,254.95914042120185,254.2351487529821,258.40608876438597,224.8242019656282,253.54162538519697,286.736518154472,297.4748549947269,308.70651168926275,310.66510173741233,299.06424055741905,274.4926882499855,280.37712223870903,248.52302048435354,272.374893496893,266.8387124598361,260.87150815117434,248.77346824448773,281.81905943859,259.0632461325403,234.6547936358051,228.21943254944344,248.4611841270234,282.9468514566316,264.4301133847544,292.82333117947854,277.3264903240506,287.6794847328216,255.51441136815734,255.21018958849055,266.0300872280193,268.5724716336033,250.2209485753287,274.0353568577985,306.9449126444753,304.0886393429199,313.6029879061677,333.93191669035775,315.83615093388335,341.3476776688983,325.96174104059816,345.2698972866649,318.1168435565144,303.30391279550633,305.6573081712971,307.40185487059915,331.93203778464476,366.66094581934726,339.1657050295571,323.1628743273097,313.19474904292497,311.7190375896253,311.29271961043327,336.22637403082246,355.16552522577945
76,227.16360003442225,239.18535552018818,253.49055066298322,251.5327472828086,228.69218780285587,237.36651231137984,241.55697302706096,230.61664436274089,254.50019266983224,242.33740919411727,253.7710052894672,255.4672830026533,281.8871785478005,255.42822377819917,228.4266343559414,233.0418724609025,240.7163745019335,236.63369173612358,259.40616654938754,241.5747755670385,224.79611204609316,236.4676235988016,259.80399410102063,284.3433301520925,300.67746953752703,304.72953703250914,320.4229561549515,333.1202236262218,314.52588790087606,318.0790103550996,337.02166363978984,324.2201099710495,334.9982302412347,333.7018601675506,333.922979733702,305.2268323784532,316.86203394982977,342.46012642464615,317.3603165864565,307.987712941608,276.39443478046644,243.4686667988138,277.8640128865152,277.40701846796213,267.2933497724294,251.53474513618073,285.20489156164723,267.8624465481651,283.6620342498071,268.52510095622245,238.45936633120678,256.52753484106137,221.6416941751519,244.76057029991648,234.96264834538533,257.2773433759922,276.15985509053763,291.8473618077653,258.56120271049804,272.82276608556185
77,596.25533334119,570.6557723676862,553.301441484514,575.2482999551518,549.8322817390147,561.0731390243333,578.9249854493737,546.008770101605,549.7721167001708,555.0835247976827,541.3245276151083,567.6686544729345,543.626812057546,534.1204417229562,558.5272498232692,536.8722427856887,559.368432328626,529.9032747443829,529.1493094476822,499.4224558188814,511.8757067731874,532.2178110070794,556.7079093843556,590.3962669364348,585.3706768284045,588.5386990893367,577.0368866464829,594.9419591115825,585.7296587079901,594.262538043029,568.8542556288241,566.7113458917064,581.5496977539206,557.3852368071515,537.17902233549,570.6420141638846,563.6126616044387,541.3397433091027,529.5422150478081,522.3585454264229,530.9745134493384,560.585539582681,594.6468448972274,585.944945995852,585.2796752034951,566.281126049799,590.1840995257729,564.9449280404589,537.3915734922266,570.5194927990622,591.2395929723974,569.5272276517372,578.7325262615672,570.0104694226804,556.010419856366,541.0846146095867,515.6065357750501,519.0588015343588,515.3205698425844,516.1736192635805
78,301.8357236421737,332.53847059630107,342.239854339439,370.21190035627257,342.86088197856543,351.4604495884977,375.92277689358895,364.0872314806016,342.74725332012065,326.29874472651403,310.40410559899993,306.7080331436474,294.5254853382006,278.51467042776,288.91053131611966,257.6227973331516,246.44826180293268,262.3840593821978,239.6935418318682,232.08332727376714,229.44805239723883,220.0411636405229,236.6013733195328,222.01032703673843,230.10159169513489,264.867217872869,294.15495267018997,274.2102592411334,260.9104294751087,258.36975023390727,282.4786985000543,303.6639143975707,277.5008149572104,251.21223434159506,247.59277365253357,274.4616837782078,301.207633714893,273.7232431929501,278.9240533505387,254.82131714929662,267.90645215913236,297.0567795141558,293.8906299874473,264.70642421589093,270.2542179285091,263.8503848380189,285.6132975013961,274.43740997624326,300.6802140093245,284.83924254375944,260.86547705596746,247.31910346826805,222.17592084327825,230.45557780200807,250.00602846540212,229.24925135419204,224.92781667288648,225.28585563939038,223.12423555389046,253.3448064648742
79,578.7637438886807,546.3821687421387,564.5871934501865,581.1878157203904,599.8336893875854,577.0670171306147,558.607404655271,555.323153111959,580.2834155124023,585.1495711114538,573.6602205117857,553.6616513899519,569.5527532787379,590.4791840414429,573.285339192197,579.5468632020728,566.7398751605537,564.4018969829473,566.1456235797913,584.5577407773541,598.8653510204732,579.9223663257851,563.7762668410774,554.9276372941448,529.2998721504075,515.0855837976482,486.1369027264646,481.0895011490119,457.8045100007853,447.0529822189939,467.60342467640635,449.8183602176459,457.6509837115907,485.7336830589936,490.4187261510619,468.9842090451308,458.1178426227476,464.4436871256322,464.9064669088219,440.3098554482052,436.58559957654506,439.6002682202625,423.31355823229256,431.1847443060822,401.0959512700469,389.6584436196331,410.9578219140633,394.10775797763415,401.4701374778496,395.1722174375715,382.32442740663873,411.45364556034065,400.4819658259675,382.0492789300588,410.7003710248777,427.91647594038477,440.6424558992586,409.1099018439399,383.2942490940442,392.9780465607206
80,299.58447787997886,280.379136874104,299.91883294815676,284.9335793667427,254.94469051737684,222.5482212795336,236.64054513130438,251.86885616774165,278.1013616979511,250.85766935023588,232.952413963871,245.4052182125468,241.99404507423955,247.5017612462944,277.759418172627,280.9018339431551,274.96027668600044,309.22107015498256,278.7861670479501,309.0341084339321,309.1504373785159,309.41338102221556,338.9508844164402,339.4635629879551,335.15205932506547,319.2262607732694,330.34343445048887,335.2185908190722,315.222771405417,329.88167545970975,339.96775547327456,332.78112736773244,298.08919190098095,294.3498724133141,259.7739406124317,230.0238348633645,239.38770913982657,224.4554348338399,230.87649955873175,250.071649480448,240.0821093985685,274.9525890027291,304.0937313767778,310.06542469776446,342.75172440220956,368.5129350124861,355.83583133132015,373.3075685502918,347.8857934305681,360.80439313708,360.1801209917006,326.3579367393983,310.5540243067243,342.43077952502165,329.53898348121527,307.2407953523161,285.3679966123707,283.9129251373071,307.8983719842446,325.95849554357886
81,386.00376286435426,365.6146447049415,333.8391877120949,331.22331007588605,353.25758447215946,369.3353240237614,362.9373777576689,369.56656479190093,365.1038212581362,370.63494894344865,371.8603160509971,384.5279780597582,385.0675971070769,415.910366978806,410.87233968952404,376.9864809023038,358.53262838093275,358.5751084483987,361.415138080605,365.0820733324488,380.10072021135454,364.3260901945815,375.8693477274849,390.1516068458298,383.94125952928766,377.0930964695302,354.6178314654817,348.59694780335786,368.67408822284875,397.3021986113406,403.8551220035982,389.8110460383991,402.5713263445803,419.3815609533006,407.636455467947,430.4948057722153,400.65351402189907,366.40627425390085,340.0142283381445,315.9348126860702,342.4598449924107,337.20856414790035,321.45378258582707,316.4890407049044,309.12790319394867,295.23021995310984,269.8831907219474,280.79727306011904,255.35958125469492,274.6392929417822,253.75745387141393,270.2872289130944,291.6782563117771,265.4510769959886,236.5232807761489,268.9251044797742,266.3383809524548,275.454865600564,242.08309640908774,235.9096401068918
82,412.0511087325668,439.08639066982505,423.0871498993314,442.35054228944176,453.7054472675509,426.774401013953,412.3106631093928,393.9611456600962,389.93807679022615,399.41147380355704,394.7508566891525,376.86841699177893,390.5799307677582,396.4929073975625,397.84488091666094,401.6542527378794,382.1872979784471,394.81747225491904,386.9425097426328,377.38525712373416,352.8666517024081,359.64526512093937,366.8317738591948,355.6528189158518,380.8423228964392,405.0243758065192,377.6581772602894,391.3108644069837,383.87929733993525,418.85933691433775,399.6109909922634,384.24768537127767,380.1951259901786,364.005186397825,377.444722044881,376.10828989758465,356.56980833705245,357.0159932011118,384.2311368466645,404.6988321261682,404.6168568360457,389.81133905598205,367.403391585159,393.89019298824167,408.6018788231504,413.6533100434725,440.2137352602293,413.7320553764156,426.5063053965604,406.67616726548664,380.11658813660574,377.7091838370911,369.8266889205958,400.70884157335877,388.3874098459859,410.4305679796261,427.8484580124102,439.6031289165078,469.03116202371194,462.5858836304059
83,368.07505067348893,344.3413703241946,328.6447156088494,355.22906753311037,353.43581683690616,342.3305493902559,322.45839324600786,321.4056107630609,336.5721866955779,321.64062847757316,339.6807849344589,348.7659291652032,368.8953085429825,351.45898256422635,360.6309526955395,336.39242225975846,326.85821101128306,342.5634176502791,351.7802046408746,329.9304554145011,355.01444246097816,323.7490112251409,330.41410942130636,364.2815444375188,366.4868756665112,387.53390306367066,394.1965711869078,414.0127532315173,424.9043427063874,438.2835837240144,419.2303643000613,436.15782825016555,417.8115203166687,451.45633957664984,432.40144294393417,413.96932319577013,439.0764416296406,421.08545196703795,411.34864751142777,426.3734587939597,402.4858594075931,378.62088224551826,377.6659718741816,359.7247446704725,341.22080156030484,306.8675260596007,297.7989974434571,285.07653626674534,252.25744302461226,261.78255508870427,270.64841782893905,240.60445085309516,237.62892200318717,265.9348142673361,271.68650904445656,265.5247397252957,263.08187471778245,242.66147432828882,266.8142843106828,295.79461369225055
84,566.0523360550166,546.4920892391415,533.2439079834935,509.4875022201611,495.99158157442304,484.287957623005,493.6053592175295,471.88060592589824,501.2383906316403,473.455353537612,438.9368143100153,463.7829733141526,478.0468598577761,467.922050782696,474.60703019640425,455.2551172551506,432.0423926603269,430.0228321200375,419.74598020050473,427.8120837379752,408.0825266572474,419.4874656964907,438.1677721176876,414.8323021296808,382.9023819689349,378.6734982400286,397.8551842594992,408.4097727496892,422.5414931787106,415.7402469782464,397.18643514596124,399.4109541758839,378.71655273832766,394.55256152728225,373.3402134444456,358.72864211444954,359.1867765970599,358.25647198710453,365.3159283355966,360.9370503705908,390.30018196629715,414.09556856010033,440.633510146665,449.6996701449056,459.1502242551621,466.7941321152785,462.23602292478046,449.78344299948884,456.22364512090974,423.01087372060124,388.53282392026745,413.14775176103984,381.3974348954734,383.1330954188127,391.1822388252878,370.0542248988583,397.7553835774187,376.06208759980495,402.9781367154722,421.3874555687847
85,311.48232233919373,287.03441397852026,274.1707036915567,267.0272433304759,249.23217068540058,284.16097245579823,265.2366359925689,288.3810738813689,264.51931617770197,298.1364399470183,278.9230820268342,273.44128086168564,277.5407655354391,250.96076559636563,273.87807700539656,258.10606429305466,261.55495740517114,265.02932415369844,272.2141698165034,241.0981888732054,229.45920714879333,227.16647931890847,232.73643818340878,226.91768569076893,258.6448081558353,259.55161969162634,268.20188003081427,258.2260523086827,242.5632821810565,248.96452943714237,238.82623058785003,238.4971648389055,244.22088815182664,249.9499981233556,283.93119321802305,264.5637743893589,263.7221059311442,239.18792769539792,238.96573311542437,258.7101988065431,235.9225488697833,249.6038903692295,246.92050724333325,223.193831552905,255.63771859921388,249.58993841971593,270.6337666697491,264.7757108809751,295.39093339149,280.72385680151285,274.58000227965164,292.7004990978017,281.75721116746166,272.2622061609242,306.8998282999199,310.7928450982445,324.0494768551549,334.0918332459076,357.04652354686766,382.37428050778965
86,434.03733033871765,419.6562555863656,386.2522729166135,394.2605004911159,417.04331881970927,413.58110520552543,390.1105350398859,375.2762801453808,375.97550521121127,399.5431905396479,376.5659107644374,384.41640206410335,402.15220504064155,432.6755314640792,405.84478988159935,435.69220427311836,442.79493173533194,461.46404285559197,430.2282725253909,430.6586434202325,439.24272060588805,425.7210893969869,420.93660396407455,424.7374734336464,428.415829217755,396.34613599623367,392.10985965675616,372.0771304922123,401.2457859581868,434.60638526682015,420.581668011465,397.8446458190391,378.20993638542313,376.6525942601299,402.8679861980524,402.87052124368716,371.747965563758,339.5399577536781,320.4573239472775,344.45131337993746,352.9549524073975,357.36200217243794,344.6898736532229,374.749652006456,362.9321291538053,386.3782380395116,414.09148429782346,412.924935222953,440.525184086605,424.90141420397833,435.99175403680766,407.1492164335147,405.32461141998226,385.53783757106663,354.93126702620884,320.19205259164227,307.9247007424988,314.1918423600722,311.0579666956532,297.1818175920179
87,596.6560116949754,597.681148840234,567.3703858958349,560.4439409731982,570.863226352751,582.9069596062687,566.9923990711072,582.7452347721035,554.2326645497913,542.4595483178306,557.6098706207439,566.4076659389701,588.8338686760674,555.9970761379677,533.2044963855811,501.5991171446188,480.0471128420636,445.34690958636907,445.6416307038897,447.6236383936676,458.67606309208725,450.61993439616026,415.84447274412315,428.0168535526577,396.8172296950116,422.4491598522537,389.03493899180927,391.16819761977354,418.81244938675997,423.8867196919746,431.4758919500497,444.1886513336681,417.7572706748008,430.00216773153994,456.627009472437,489.82246777090916,485.83610772599343,474.9514473434217,492.6831204351639,495.6843206018359,478.69564641368805,455.74669836156727,432.6628194030593,429.80521196548995,406.7139203585855,373.0942464393895,341.7404606872678,371.8323787639754,341.9396726451849,312.06232098585207,308.64551217319934,290.80253193665163,323.1911015887265,351.9601103535728,345.2921377605615,341.70334411969964,332.9612998349896,300.61192800000856,286.1112067478382,259.6983496206771
88,258.90072540574664,263.1610355112938,235.07457555124316,225.1542423499754,239.29466415734308,244.01357247704905,228.12232036777215,220.19185227313196,226.79112804718406,229.85820339986057,255.89770745382845,284.9783919907335,278.3944998148914,271.74637066995984,286.62006053315054,295.50460163247874,273.39441470101735,245.93265326172764,246.6648535964933,254.83005832157872,229.68596001822604,233.10520760085524,234.71745135732053,232.99108059917424,242.11243106758693,257.29804894221235,257.95534079533184,237.05730015264592,225.35872886957384,253.16964717803978,252.67403111165376,224.20520908032879,230.11970736188894,256.2777687897669,273.8986115239154,300.20577582673184,307.3519236468503,301.95533905191417,296.8197888807257,275.39979199523174,285.95571930148344,291.91053222798325,267.75104102800174,294.747445431178,285.5402196629198,254.0219332493946,242.63097502781227,270.13069060331765,299.31765161364257,298.6455408218169,330.58933662695614,356.85626327179443,379.6224134687402,404.80211799649464,396.5333968483123,414.48622270120035,419.89995291653076,435.27783303835224,412.72286056900646,428.9204343932524
89,583.8851249937852,564.3557228862777,598.3870155631716,577.2404907045099,553.776421887224,526.6364579732407,546.5837919034132,550.4215699297729,536.9207604861149,544.512286371678,532.7593695205483,529.1444125335404,554.5309013362568,566.3025547163983,583.6776133836303,578.6238950203104,599.5150555009457,573.0814783047911,554.3221592302206,525.8012849419039,529.5826500868536,537.5177966354394,553.3351067383568,541.8163215548051,507.674297685357,516.9303652815394,551.8390497579661,537.4575045232656,515.332916196097,500.05660324394177,494.83568647833505,477.39959150501454,466.68679328074165,476.36126498129704,465.5132240602801,458.23735019513595,426.0395385910844,455.2955137046853,448.77753089872505,436.7475770211606,407.80147075833753,417.1942958360004,442.6620423544632,410.54276635813125,385.7118390737537,360.95912709578823,368.1183669701337,397.60450216041954,393.24828785500523,382.31473922857475,400.92358722034317,417.9034215432388,400.17635129264346,376.4341966541955,366.48089892327044,385.7731363791346,399.4275736731831,411.03733311811743,434.0973323295417,418.49645419343926
90,349.07981567841387,317.0435772210562,342.8557815273035,348.625862971856,334.49442340371456,304.3535806051701,319.99224582654233,337.4038721949766,349.03637784302816,328.30104580929924,357.22616990490155,374.9472312363629,385.9901738872408,396.55624852676596,424.8612875331808,454.84278684997946,461.5374061106963,455.7042648780747,446.16564344723383,468.5011623228844,478.62353611128776,449.0321582290435,423.9851791400954,451.99819179743463,478.9130621647497,510.5413335735725,505.4909012865552,525.3751648214047,548.3509167334072,535.4497001420807,510.6233399279807,545.4151852427227,512.5305295053172,519.3440438151182,529.8589030078379,542.5841569457133,525.4780990235496,540.9886461244691,521.1366155541577,544.1692934567756,524.5074606426999,538.2768826780253,558.1158266864037,536.3420292187569,518.0010833530391,537.5383450644448,508.5582730788915,486.911539751558,483.79870318485206,513.911438196986,518.2428866394966,510.38033601407244,543.8662515696458,541.326043005136,536.6874911632597,530.5025933454003,517.3551984278761,505.153835109507,518.3024293045719,486.16092111850355
91,479.0903557456012,458.17467061441226,450.06923083872675,425.32695891795,429.01953200302285,445.0740631496726,434.89995347361815,411.3391139014366,392.1945046366189,414.46240893340894,398.1978203875986,417.4270018983845,405.6109603748193,383.82223917882663,399.73383835274683,397.5319904160113,364.72139800524775,396.91736735935564,372.26010851440316,361.99859686611956,353.93422131581906,353.194314263908,373.17539582729995,338.60171540455883,368.8747589980841,379.0940212122949,410.63944275272036,432.8567103718744,462.8053856376996,469.87542420319704,459.8870530045993,455.89103742255156,466.9532991494395,461.83852933308305,478.05562417582826,449.4849853014303,472.5840507303725,451.8772555053128,482.9535881720434,458.84179416765215,432.88328789482,454.7146156359375,477.0237435751485,493.7369029668358,525.9740354401652,509.91180944814425,532.7772211774644,522.4200582805039,525.0379620703577,521.2299641494507,486.6394657366032,491.85181928434423,509.1772314278209,486.39589827808993,516.6118086106026,518.7397763698979,496.2169965904744,506.4333265546564,484.8679161507305,454.31525053140405
92,480.41979211931204,453.1684339506966,425.6036553370471,442.399704759774,411.263861084339,432.9477036176958,453.6781167230438,428.5756566884874,429.86230199787525,401.6260863657012,410.90607175072034,380.3111726586586,411.42483260125096,390.9659840771217,403.7686099935268,377.7490096999245,357.42076108279883,353.9872365046348,359.10396639854093,394.02439322595876,360.83922919232486,325.86123856741096,315.3869351974573,306.0178809436267,332.88648747053094,361.76726580934206,388.4040141544944,363.42652668851775,357.2738651511929,374.48582651184455,361.36860125674144,372.79526325248,354.3952636758565,342.034611733113,367.26468718750687,349.80031971373654,382.30300579567694,368.74117506125623,335.3881427488856,318.23120601506554,295.21555197210535,295.69343960733386,268.58356425028404,277.4069856574627,303.64992059641736,294.02624232267885,270.8207326740572,263.8224823789661,283.84015988051,290.2442970660817,262.32432199901393,264.9274228019063,262.6933995037978,250.5912574252791,227.2255720138557,261.4280126911873,238.75104508371518,230.36013181245895,226.60365010337003,243.72211167340794
93,388.59443830342616,371.06344104528506,366.123077856792,378.26960743111226,362.9886446360164,392.055848958143,378.50008556058236,357.3726177181821,389.1923669992791,410.9316097075517,399.9512434465943,423.8514730266656,425.1684704674316,414.441145345706,438.213956613451,455.86551129396184,441.71675027897925,449.1842463470374,440.0415619934232,405.1152000726504,437.44230197067,440.9163372957685,447.8066194123734,454.79901920978403,458.34392146714225,443.64727060129377,476.6575993448577,485.17438822092765,497.13888345970497,493.97437647189844,479.12467450625326,448.62910325849833,438.1452170182504,415.47203706703783,426.81821584502865,453.348487781219,439.54132785841466,427.8431116373979,439.76862690542873,415.2176273023153,445.27824716975425,435.74752184153806,407.8314830564123,385.0593634008572,415.35158872137924,397.64993890721064,409.00875517540067,384.9403208230792,363.5274392874937,390.07411461049213,365.43644001767143,331.748981089211,331.8353043560503,357.2261812844557,345.0455544635495,319.0169134087492,352.7730714783438,365.14477554260276,389.6931197789737,407.3427988419984
94,485.33206411589225,477.2515488150567,464.95534833931146,480.14245005192464,495.3123606243308,526.8535475077673,531.6597347571499,517.283212162287,516.5502281154204,524.5101952862348,519.3812812566186,539.760599891787,545.6835247468956,511.3440256808312,516.2328178570718,525.5850828730021,554.653370481087,548.6138876375802,553.8266237865753,552.0764453365814,554.2923953294033,524.0036802762331,551.8135370035502,580.542400791764,575.3884113667963,573.5655698214938,542.1014920930443,548.9580280114272,543.9986533029686,558.6317074193792,526.9304515810692,541.6925893721335,526.7751570403955,537.394530172113,546.2933484439617,527.172252368218,523.0039165333567,546.4982446670894,553.8896597187236,523.7013408572124,519.7049590496704,506.52896116412455,516.4441586879389,524.4636345786071,490.1915016843169,497.7301873436093,514.1696631225549,532.9807653906652,502.10906931796245,488.36515851565326,482.85430775425993,460.4383272999038,454.88969828145446,424.8687657892459,397.7939755997395,409.60260899877886,392.9826812799897,407.7810906035598,376.1486875647266,380.53790127777177
95,368.7504921629993,389.5384895970819,409.4151002114712,400.7042751834968,409.2942561696368,390.22267698700097,395.85115551963037,366.53968409595694,361.96198398425963,339.75292169192727,366.5896044383339,362.7326616960121,369.08682410063955,359.3135543237403,344.52542679052647,323.7298116048338,352.56082239152516,373.52342716141186,347.851707271584,365.1224486120099,359.41960300457566,325.49736885181557,327.4830812781511,301.5863320840917,281.2817340006433,295.00460130032985,278.0045439002136,305.43671802914076,316.43860111883265,339.69844506258926,347.76171274570214,373.58118411724325,363.89911136879374,367.3389517507843,368.45127978188765,396.7166293473456,373.26070794994854,378.724961373017,396.5351449689056,387.43862820626185,413.16933492938017,404.28036862482156,381.41198181753566,387.2953666958879,381.73512739849974,347.79843472624003,317.68713620078523,296.35653881524655,315.20963598151724,342.65240210387964,345.8472632848752,318.2368456608639,320.6461723177931,345.53855455957927,363.00198859816055,348.3788600569768,322.05120270716185,350.09892169051886,374.88513395477366,343.6452095149395
96,532.9963061333344,504.8011907782802,474.2310451164228,492.333107916661,494.87485145140806,488.8932131377304,517.163566856052,540.9148169007947,509.9484599090886,518.0745668449706,537.1332850694927,540.6676256537393,574.4780105890725,580.9989704007446,551.6228003119523,530.5036611519491,553.3408546359115,588.1138217560125,557.7245741509744,529.7476264001277,548.1847201901576,517.6895199103153,487.48872803485466,514.7058818455309,535.7373687078225,562.4467926983292,572.982730847622,557.9855589384491,586.4274822617444,565.9372359773993,549.9647760683382,577.0128054118322,581.4917975627567,594.4176007887665,565.7444491468173,596.6962884517981,585.1665872754705,583.4570533422276,595.5704290759663,575.583355496225,583.3380871498748,581.4193085128029,588.6276439105607,595.2209944453107,587.2731389909911,555.5013626074701,533.3211868169548,565.0996595756507,597.8086574169259,598.7880573861087,565.1206351616233,556.8458702215295,575.0229595006892,585.1788218380311,554.4589046972427,562.1231267935091,537.1240000913691,536.6486533921146,518.4266524509932,487.14793447242414
97,250.40738170011164,279.5791228509247,296.7043403450321,326.9320190691386,324.8313143324873,318.7617892591836,308.8502997343303,316.9917964579766,306.60095354596996,323.8400799247104,344.9322927598207,371.24141429987736,353.23747941704676,355.129022867513,335.77014603860175,303.3990536780256,317.94682496991425,321.37551414537296,337.0504237140888,308.18402751254644,342.8708600468824,377.47525973317465,375.02524751842054,400.64935758128905,382.699156487678,399.3287877733088,425.87459775025843,447.90123637591296,469.725421852794,467.13728609901455,489.53658244352863,502.8859193550197,477.157517225114,450.15042550963045,469.1849750250552,477.9674612391599,479.3237894425563,507.8321148019743,519.0034397829596,511.7337119391406,505.7089385114735,513.0760437687044,531.2953136967487,535.8000451831874,536.41330693853,552.2963561243228,566.6648746178153,588.4067300818439,556.3212223437247,574.1678715894632,570.4210133140117,540.2446193181676,552.775321290034,567.93313487017,568.0511676283379,586.1950823198086,565.8486665450948,544.8108199407146,534.3621965627441,528.0657324934625
98,484.45476891282414,508.64116456430014,524.1054378698076,501.2845670046797,491.9197629406977,468.00872288204215,481.07941685110575,463.45144832628836,465.22853362591763,485.6566226495455,497.6223718940586,483.50855124061786,471.8092237837617,482.5447238459739,486.00746629977004,457.75501042267314,483.9344216718214,484.8173490355754,482.95261995939796,461.84337352365634,453.232940851594,441.5306812136509,425.4821790117108,430.2006392369849,427.55991445660464,454.80375242863136,485.6978308219326,466.06097086789896,438.0683508816037,458.04197948574614,492.68227774044874,518.1342826302396,484.793100778551,467.3815493280036,435.41550872089203,457.8700651137737,463.5685534542358,464.5288513359296,468.3403430756865,451.0119311844479,458.1266170241683,425.2733055166504,435.4941261946092,451.9044943071273,464.0163327669552,452.2645590488106,475.1029631077386,490.1910429059624,464.1718555106618,442.8319509483439,452.4295398708206,437.6886692197424,411.048975120979,386.8968046414714,363.49000727929945,361.9353707565862,369.45235249665103,346.80051173646007,361.6752744618855,346.3461569869925
99,338.39209258970516,319.03699606489266,339.001425580916,371.1883938864974,370.6633832939639,338.6055281942033,321.8453803439866,297.9089007223058,321.9022606619471,292.84203978227146,325.49537663045834,331.69134099418216,332.93312608937356,357.24766965871663,324.17600314911857,343.5766956076092,316.73897879740537,340.5934457232356,342.6357810698859,311.91483923509236,335.24199195118507,302.15398014617267,276.83992864872494,297.68764531658894,295.2286239866413,321.92583329147965,331.4058823868555,340.0528951927841,325.5093526220251,299.86698927064646,332.14905663341426,304.48489487345194,306.51563687860164,290.59543823703626,274.08528468773807,280.70632003893496,301.5617082414558,320.9642720396453,346.78039028319404,332.28358193705975,329.8861786571149,295.53959878251663,312.8196324020622,298.983650252022,303.28819758093505,280.1392173222966,302.4971828216996,324.70623817117905,351.12794220388594,319.34353200135655,353.8156416856075,336.1602006963861,322.82055871970056,305.2740597630318,289.0013486486891,292.6876435759443,274.4743816772089,267.0383734752372,277.9308342462623,301.45266849670315
100,483.2417701014142,489.84436923652686,465.1853686144017,487.31346072229144,454.9227028818041,438.41611930827526,407.41024349351255,419.13027178442496,409.916247565971,420.55964139031164,409.85180854156295,406.75365969752755,403.8109304091602,372.00157616588837,367.11743301010864,376.99193842817283,380.2155956534532,350.4854592929333,362.2493782910057,348.86977113507396,314.8802073296055,290.77189632550267,290.60107233766183,277.3291884697666,290.9359994325152,272.7817427221187,291.87747451538047,276.93087721295905,285.3913367438681,306.33648336145075,298.32541236651315,266.6017582935961,269.0829447677178,303.7615790758328,336.59100972221677,317.06256329830853,334.9613189580062,324.1079471854108,300.32702079822724,311.9410498404018,312.0018609072756,314.747999943173,337.6654862996586,326.2235436117782,337.92017678067464,328.5535794680584,296.54425222868844,288.00530974223284,319.5077221665223,318.33609591271147,290.91222649129224,304.06010454762804,336.4966590279245,365.05282628602254,370.0900849325922,361.4297370369894,367.0771738326363,389.19234818658373,414.47896212787555,436.79803407384645
101,393.08102380786033,366.40108307777643,371.24322294949076,347.1932409118263,316.46032428467623,316.3670726246965,327.24321412796047,352.033525576408,371.8320143532093,396.8388502461677,415.04366420363,429.27042198705976,394.9800518269087,403.80721365355345,377.24093994329166,346.3476392065695,322.2964898539654,344.9269411548879,361.99639867188944,393.4104670362543,426.93880514178306,454.4686841879618,428.77350775635176,455.2602996211004,478.96489905630557,504.94090924648435,480.55890244463876,453.734330388771,483.4009519596567,460.56881739907203,451.3723385720541,448.29127803663835,422.00225498470786,388.4466551469862,423.03298803068435,449.39899516913164,478.26265022367625,463.1820650727245,443.58917516490527,438.39983423718513,435.1321900656456,400.52415078614246,420.0718686653307,454.83856133527195,456.8469222424182,449.0250308932898,441.517663418774,413.2430626708211,396.8743899563019,397.0236851607261,392.2530452401549,395.40547744217264,419.8400728467911,400.60703403576395,367.54352669920576,335.2193078689976,309.6111242404777,314.5449331767859,336.1178698794406,363.1942856290848
102,461.343016750489,454.5630444220516,430.3790739929819,423.4783577540254,411.74741712757026,437.6492287875699,436.7195852063124,417.55329820312943,402.769372880234,377.3222843982222,406.6232658330614,375.1474750696142,341.0467124685268,318.8559378154076,340.6171190691514,342.2597941333271,351.06882424971616,341.1100415288176,310.9175005172595,335.8485718917113,314.2811709404898,281.5953149786478,286.6846044939714,257.5148499208935,229.21817955108187,255.39121528665623,254.80388653891592,236.85822859884877,238.07914875817696,258.7074903965753,228.3522805295374,225.04970033818984,244.68110983117538,256.2247467491504,289.2970996666264,280.5155633545079,250.070997256934,254.97809694859947,264.67029508029594,239.4424900853334,250.09918251274777,232.87447794785217,260.44101052791507,283.90231523278317,278.9763519526741,311.6483752885704,345.2325465000523,319.2801227263857,310.0200890646584,317.0425919679235,287.98123863862463,279.7671239056142,263.04916978677556,294.6926852544449,288.5036928526478,306.8906529509737,298.96002839682586,273.18687332614434,298.60748043740364,263.63666462062093
103,241.257532110291,240.4993674152422,258.12241865992326,247.04171933027754,224.11416121884042,232.4320463212792,231.61994345144814,220.25267076104257,238.85319576772437,226.28175528222394,231.86835143865153,250.05151030175344,267.1698707014309,250.61176458135247,241.5989776476033,233.97481044976317,266.86343782202465,245.19981871114285,231.027439130145,240.4838349896519,230.50344279637613,227.13077427630057,224.03947916060048,244.9919520997376,256.72000931717395,267.23141174863156,286.3624123092893,274.2074732047696,303.4971345576041,319.821457332417,341.1510585331001,356.6184100009699,346.7103051812492,331.5225793456337,326.09877421616466,297.89089945349974,294.48053456311607,262.5004033797829,227.7766205816865,259.84637670615234,273.09995694730486,277.4292432419227,266.30638600153674,271.2440470294919,298.65435137317513,309.32096074924567,316.49470060599094,313.7090158140084,302.90780795956846,316.8061059340883,350.4747718051953,345.2078103516366,337.6621746326307,332.63011769818365,327.41819546166414,361.7619295974588,376.23640762311265,366.37931906785406,357.38448523572464,352.5402699678085
104,233.9506312805709,245.83694607917977,269.36193919746404,280.6016847219898,259.4911439952977,275.4535408917836,290.8156433350257,274.1933884304555,282.794614410441,290.5610467289765,314.3461803989092,288.8712422272501,267.5099375430567,266.5278028068031,234.61796322926457,240.62093761489717,263.84148216194063,239.25148974082052,244.95290418321522,279.33954001247207,279.7539409522126,279.63660864075894,283.7521595014507,261.77246542474256,237.07393721275866,255.2725224273116,247.97619912071553,238.25721754491306,221.6718303311612,251.02622028412392,222.13455281780682,247.85028793373579,244.00809092045364,255.3274247552257,237.66488480353706,228.18410552062025,243.03388371148907,260.36939641662286,239.05392706278312,243.58691471771266,246.05096282326906,233.18573500105157,247.22732287959613,229.0811871010205,242.47034868364688,226.51894850991704,240.15921027263755,237.18755778863596,243.60162950270143,245.41841925912297,274.8558840736985,274.15137607065094,296.44629934203215,277.24196684585223,266.8877624702503,237.1440191145737,241.93948105558667,258.07542455197597,281.7471169396337,286.3611607655746
105,463.2276144453698,440.6363098785562,408.2407325548969,428.65890271730905,405.35157723819907,376.7334447254917,407.3628071889534,439.8093026730958,447.94731308527037,439.4519221733809,462.77869004086455,442.10908719434343,437.16655011442117,427.1577610444633,456.04676039638105,485.4311794717402,495.9931943143969,468.7450041334853,467.4984994095665,449.67148504525045,476.6155814681642,451.3037773992983,420.1054967095478,434.4155290580533,431.145554305824,454.83109643803994,425.0551706198918,446.13049990244076,413.74393260153187,380.70883343550884,378.0009360566809,358.4913263343266,365.0516358247837,331.85882541958665,299.33609338499514,315.23648811703094,294.9480494914928,305.8972481477441,323.3917994527972,292.5449810535449,311.42775786604165,295.2172431233317,287.48546019731407,258.55020365798623,282.2543024935259,286.5053175363294,286.83188698563146,319.6307237488244,308.04612694467136,335.40067699804007,350.7788286725624,380.7757981822191,409.3219418755913,443.69402822741614,417.9114008700172,438.6325483164288,459.94715316275403,470.0533001352481,454.57356721192224,487.1339462259043
106,297.68041239827966,297.6506888833704,299.15478678071344,275.48284091923614,291.059858482563,262.2805599751798,275.79740449444955,300.20048923479413,289.6582389905621,304.3176955925061,280.29187616285554,304.50830626455706,336.1505251632828,311.8390837082672,325.26924688633045,325.67742364528726,327.88237687355377,342.33665717560194,341.5484921291526,348.57133957039275,329.73441092918915,321.2298726833933,346.7966971883984,319.4898730037854,326.3201412691402,304.2202356255825,328.47800748021854,334.01108424996704,327.224499036886,309.7122261925133,305.2913551357877,337.3242179503096,337.96886823236304,335.83313545135326,353.0723023963749,344.60559735460834,339.52527384626393,328.1116150562773,303.6759979293347,318.64264292352027,344.7548068953739,373.14629234236753,399.8024980050121,396.42736417567164,381.31199762989536,390.966660101953,422.7960039353752,438.6895493071776,438.32894861848854,451.5455488344299,470.6232027062377,499.9720509992026,518.3971537772534,513.7204926717668,497.8729489643507,497.8646654954221,485.8371216178051,516.830643105952,517.3882521474494,515.43219566493
107,352.3145628988479,362.0730522192599,363.47664172272624,337.5100663256042,363.35461308373885,353.48551133380477,348.7660014308756,328.1626953973261,331.90056993057834,346.0444243005792,372.72599674439493,341.3385332924533,374.4717669714098,388.7390089128348,373.639916821641,352.9531496726186,338.6793039784405,364.98010659509146,350.377418718808,347.7748981378145,362.17656193477075,388.2158523954427,399.31583375967,417.0334775170796,394.16635325779646,420.5849011961762,404.88524404944394,378.87171553340005,412.2088158572469,391.3236106390382,365.8892485444965,374.71071155162156,362.03113201634824,336.3655763789828,343.4440545840941,361.57302048965056,382.0969066841515,357.9827887550106,361.96348351080655,383.9209694585088,360.19706025820176,339.734817882149,304.90361570236644,306.6280066500366,285.25572543037316,300.9527057312561,333.3076756244885,312.92055985442346,323.3573506778707,303.1857629799665,269.4462431085458,287.5450367035667,282.9253640691292,314.2004443751549,316.6004561251933,292.62425695349117,289.10846787930063,268.3108935157218,294.772942603782,308.13616526590874
108,349.67074576878736,351.6181683652872,363.4817815401992,383.281821705379,353.89212639631694,320.4684453359842,293.48013413787646,286.12987584995585,283.7993385557023,258.3516526706717,252.13237232364406,249.6471853206475,227.0523590984812,258.5477138173505,265.48792874849,257.68541588042973,258.1689187234842,245.16274277630066,271.3988981026452,276.64995101244045,276.2926580199885,305.0546362366803,328.7132151130651,350.60934751287454,331.4019918091036,307.1206096118886,320.4273659917809,318.2323239356786,331.09221384265766,349.3361200904358,335.0080656045684,319.933595923165,319.2918055612379,303.4402575080927,315.1509268292267,332.4220580408769,330.464784264604,346.13076785650907,346.8613976914634,361.76241822915404,342.51019557485483,359.2292087901678,374.28789043215903,357.95028992560145,361.8682592984137,386.74007604962185,369.2066613376926,385.7252462187199,417.502916419002,443.13985080203156,436.2462565896509,443.75079789882057,478.17470729650984,482.96532609281013,456.0172582629358,424.19741109744905,444.51942677953105,439.17340955766025,421.45031190170386,410.78735404797015
109,507.80168928765187,505.36900278201995,531.1639672588313,547.6087584732703,580.7897490044501,593.955761212619,569.403457755826,577.6354645617716,543.8139061939701,578.1913769040419,558.0187745647513,569.5544311184021,590.1277729256766,562.3281797090109,586.6797337057444,552.2714475377074,548.209847203686,546.2524807808657,537.4388307089772,543.4857629500121,572.5247273591964,557.9534614256819,563.5016535273315,589.9240303293641,589.767547314495,556.6100127875358,587.6053662764721,554.8161792181455,561.0292724243486,566.3040258464101,585.325868809372,557.6996484412552,535.2555758856445,552.9030611773297,528.3683938461435,526.2295527407382,542.4449190555034,553.031854070291,532.7741470982077,519.0513652062336,551.8796084331066,548.2865518439485,516.3985751944952,496.76951815713846,485.7399744334671,520.7042327340881,506.8926410574724,473.74035047225055,474.64486090112405,445.49723784930245,429.681969758003,464.14879208457876,478.4734884096896,447.02015245949053,443.42822276091624,420.4428486449357,394.04897459308415,400.1435535275003,400.53946580231536,417.54012670440096
110,559.0763667281067,541.344096748323,570.9535358142008,569.1290773236253,551.178772205343,575.3837808725257,542.5019402513251,546.6675966744324,562.18110412653,546.7795422274601,572.2239764568853,552.3080858632932,576.0992856545149,545.7256401324869,521.9205715632771,513.5894924364106,538.3733783322832,513.494353891158,539.7750306767549,520.8562375396505,517.5318254412675,507.22323373949115,480.4920696025078,511.5937513688477,507.26623172150266,520.5894200164363,525.8581573829184,525.9782715625729,534.1387052115523,562.0226666457223,575.97453294431,572.4044183320053,577.790208823916,577.4818989822088,567.3942083473543,574.631873848305,566.4093515016973,583.37461299157,598.395094930707,598.5308752211961,593.4623910267585,583.4580167889844,587.0800735376034,560.6121347531005,559.143426765075,542.1547603144705,507.39940899212485,540.0710392191701,565.540438548799,566.2217193058079,548.7018767171281,562.2101414310747,557.6462173495696,578.8806846891586,599.9729566732996,577.2002882904449,556.3267137444138,540.043487960047,511.577725157694,504.16095891270487
111,226.62152003242554,224.7613169839977,230.80298073051276,227.32219164450822,250.98657772334025,226.96849874056178,256.3444725060557,236.8224877658224,225.62743591949217,220.41060704899206,245.3258433675242,235.48062162097222,245.71980630237314,226.77730473416995,261.1630080383761,234.93993977327298,240.57155596754507,267.32748798371165,249.46957437734014,237.2115573720264,262.21301885918456,246.34679486262544,220.17614573272027,235.052355392985,220.6274167697526,252.41354886989393,263.2669071535501,269.07790578903706,248.1891715494025,264.2290195864,276.6368446438842,245.86929481865977,273.61650717390245,279.17544257898885,299.64812425169157,283.05210930071064,256.59545528345245,270.7669254065274,291.3387134443887,283.3610607977391,250.0195200698809,273.20248397824275,252.6290574213736,242.92841066626502,256.39242381179514,228.38925415658633,223.12384259517992,220.9799265416382,252.98063483655312,241.1679966325313,257.1078821027512,291.3543495339932,303.21590508332923,304.9725407932618,306.4369361394685,297.8211365313571,304.8057124482131,336.9211097164124,357.0841920752941,351.7800552676207
112,346.32903503236264,373.17624210598115,347.6812498998427,372.15221788734385,355.00759118130713,370.10163768562137,391.5370783398595,389.92683454830257,368.3867128782618,392.5204549206281,383.2460390743601,370.69365730813644,371.3947900728772,366.85082695015143,379.66448214286214,354.26832872894875,349.76660451229986,377.1857312980641,344.7101209588449,341.7238042795778,352.9610419265425,380.1008180194815,386.6658539048038,409.3797528915568,389.96812421870686,379.66478475465703,410.61404392962004,437.6323018461081,441.6890106343174,439.9731942799566,436.5479116817687,405.66318799145984,433.12958526841953,455.400050857493,452.3376309884437,436.8984290788069,425.90287152866404,399.5241125397663,415.0493944311669,419.01628439000694,400.40352398774957,409.01391403318786,442.5600290310361,416.12768851436863,413.2216392581416,412.81275672269044,389.4885616903566,391.69917646016864,399.11758455853493,375.1317022758296,350.96237520645093,375.90678530081385,362.70390586771697,371.8272429632211,380.70135826048613,404.4433195512706,421.2359437374772,445.07629407815665,453.84132935370326,450.30333058968284
113,369.5552780989684,361.08736176526895,355.37487861891,329.4265262696739,324.1036122398956,316.36475574407905,283.78477217635526,268.04392504919906,285.67741328101425,291.13360327968803,312.56532805261014,315.5534911592637,340.3393547425324,361.0640517146526,332.9439716246099,366.33441738572935,332.3667386688224,339.14540132389567,359.62120697606906,347.8537967656323,354.75368222643334,345.10225938575473,314.34530763627987,279.93761397253303,251.5779560803162,226.55190963520621,245.38363682733635,251.75365512656373,250.40384006256448,265.2543215261541,231.4321511170255,232.5823459593129,256.99016988638306,285.68856734258134,281.3721290792121,252.07600768890472,273.57553505383925,300.5374653829306,294.49368433149095,276.52855210591036,244.60656888151652,255.23241893795688,283.92328327733185,296.3754450637546,283.582846916386,293.5850296166837,316.8298181380455,315.13792229250754,337.52031659235627,329.9539939590011,319.349391460705,325.1585952722038,322.6866445108175,356.0844789430933,357.23173859006556,349.19378061418706,341.8391286331846,345.19492517610274,335.0387678366764,350.64222997422195
114,364.6519125266235,356.5420195833905,364.73014703976685,333.98942812848753,344.8642723965478,345.2123275976559,341.9241555977208,357.27186494727744,375.3497696876177,399.58803012648985,390.82424858371115,378.7168870414478,393.7208341460642,399.4471742858954,408.67328253052256,412.55988602793104,431.64839765220086,409.95125984665157,413.85110913854936,389.91823436460345,383.4258701149729,394.9054377540981,394.42045033609,385.9918579031427,412.9397580022351,432.0375580170586,433.87791296708485,465.381633864369,460.0872041248186,480.252309055986,457.00784584208526,442.01331923982707,430.6793099332039,403.08676262252055,403.2130996778453,381.6713090667,391.0643213281761,369.3707864982874,343.0162245120367,375.8522954439614,386.92911685073886,417.48068088033307,416.7728263198593,384.1109987342955,389.31698066449655,393.40000274299615,359.44829515855776,384.735238266686,393.13318590983573,410.26156776616597,409.836045197192,418.1242158507704,401.14710837676705,434.31015212057235,427.36055264890894,403.723416142543,372.6374954287669,382.1695307447429,416.0061203270948,443.7117351063345
115,486.79973564483714,521.1415906743374,536.7395690172849,525.4871476553826,532.5724169695948,503.15608194358407,483.67385625916194,477.9016727741564,457.0289673235696,488.77403836154156,523.465865233667,514.4313796421836,529.0774086675875,522.6213598140143,497.3870041210488,485.9718834601964,467.3079023702928,455.2733777988122,435.32489598665234,408.1890543207296,388.4090443760985,416.8120366041875,387.7775539085445,375.51051897141093,377.5020115865954,367.3178975190804,368.5503941704025,336.5897983868073,346.98967272231374,351.43318883123794,364.1008274410664,368.80887454897294,364.4621253187694,353.9720332793552,334.8224965863395,334.82723746280243,301.6509091292279,289.6277670961807,302.0788276456978,274.68902042374293,244.09140738610992,258.53815165377705,251.38238213374157,273.2270559806223,303.838847258615,335.8316790198954,330.6231787924879,314.1260844917402,321.72904620371366,330.7025510186902,339.26669654400297,326.79119950432465,296.2538210535359,275.9541597713278,251.76351973288416,228.2720231806152,260.08215334122633,226.05148855940408,244.70715609664867,276.57096581974054
116,356.8201884477686,358.71705468984095,372.4219111331021,359.62378975917886,358.0594288986863,380.2566284219789,397.43152499159737,419.02298379609624,453.13679525003215,444.05971849556465,461.35610690106876,468.55102659820756,480.2133603036913,497.00453364199666,514.4857258282387,541.4878862788761,530.9404035453999,541.6840984732337,526.3044286850136,532.9242380432019,550.5064978552368,570.8765738865517,562.8163964124238,563.426812036519,551.7963016184311,528.6288458762052,511.86506423968245,540.7146545826702,527.3425225513223,560.575675899515,542.4791418645917,558.0941179882649,563.2673485382934,577.0482520050293,579.3667406462833,583.68546789544,595.1531909845709,582.6056523801926,551.1605450972454,535.1183255085284,549.6936541371418,549.2788780954389,552.677516878817,559.4381487554374,551.2221978643573,570.3948846205072,582.1389392757317,584.897563878981,585.7363461802818,594.5986345493927,583.6533158183332,598.3092666267734,567.6825336297894,575.2244107839996,583.0791174919037,572.8568223795304,555.7670073308327,559.2696290206096,549.8019666409588,578.440651615706
117,355.58111676263684,332.8806062517859,338.22784606336756,330.9473274599934,302.6601975960523,307.1991621659059,309.848410947505,286.97220701182863,293.80687883901766,298.5220070090419,317.67489062195324,307.9847857109377,290.3979523673924,321.9833444553467,326.2685710501419,293.1683681720345,315.6181860598565,294.39125032418235,314.41379255939137,328.77516246030893,361.5921231587299,394.18267427034675,378.39141799624997,397.0428886818893,384.22274468648396,393.26660040455556,400.1088263513771,368.92687244485865,334.28959493333366,303.33307595497035,277.2890192821922,260.32469367653636,288.8115593035157,290.11584657778377,310.898268296639,334.5800909441436,351.0261078454815,343.4230665549215,368.8932241237903,385.8367068562547,402.85730789460837,430.9675107961982,437.8739538682361,439.8741639655884,467.18554299738366,463.9978639688774,485.8078126908964,454.57705792203296,419.6673540339755,421.64782830628053,391.80066087342715,425.1586718151416,390.5437539979275,405.8142285528328,387.85115725786824,420.5797976269122,412.2877131708649,379.1975530093355,346.0830565879503,349.8191926086785
118,594.9505520318869,599.1899412442347,576.2677061986449,569.6179987417934,541.1860003628603,542.7383802822816,549.7174922156607,532.2918088084532,540.1398193225153,568.1183119412531,533.1822062532744,514.2075704548306,493.9019398875063,467.5739740998742,444.2010589914713,453.01493716704846,425.2035444775934,441.9007571090439,468.99233844813074,498.85347914061657,510.06578614299565,488.8835348873488,459.85429517514234,441.09604194163234,473.4330449465853,505.7972090691352,497.5315309434191,485.3369388202476,486.0376795783822,471.45584598110025,505.03221759698965,485.5177148987101,476.35770265150387,471.41366395051637,445.1681455661977,436.96588344010684,461.93703384724495,436.76230394921805,442.64384050705115,436.1084401712523,413.04601099947416,378.9095425109186,363.0435737552116,332.3716010040717,323.74539399484314,345.46008389379733,360.83805215523023,392.1549119743539,387.04599118794874,401.5920890893784,413.16600963651985,393.359250857598,379.6100262238841,381.6980935617273,402.46410589214184,399.79099730454715,380.73290483683405,415.27550315645993,388.36601960121675,420.2782431256097
119,527.4375896035857,551.1601359551354,571.8043667715403,549.9598612270504,559.2406276447173,577.2131145162825,585.3039739912958,563.7996937089177,541.4780508523754,529.4466597263938,528.0357733528112,533.2004256472686,556.7869510096099,575.619346948933,580.7696067238329,560.058734704178,558.5803696296241,547.0608808185814,528.5058533871188,494.22302861396236,482.9853665539107,465.9135052939342,470.94666818161136,440.3077921014712,424.24416387118526,392.37802817037436,402.2772814863149,407.0505505861187,395.6741522013318,370.9875742318199,403.04196252563133,408.94943384283425,421.487369502879,423.6817822317406,445.139109566975,472.8857130353435,464.6754510871776,477.9772229433203,459.06934686156814,469.6992001629108,462.6400942612695,428.11480621936084,460.0017570089443,485.79266519665464,471.1512237208766,505.9942357171768,493.1931729361342,490.3122659882695,514.9003978204787,501.2221424134416,497.7599623205666,509.3510640191945,483.48379285326445,478.04831866168473,464.7070142769986,477.08121568753586,451.5990729917619,432.8902765288275,447.68661079150127,423.6223166721893
120,380.3673196511581,395.2689701976414,413.8517571077418,385.4934396147586,410.13313227412203,425.81119335321966,414.56181456175165,433.02801422486846,449.00893479871456,456.07132065430153,460.16500279271065,476.5942470156816,511.54244013506343,517.0410975871754,538.6513486105328,555.7505088226236,580.6570969649914,597.5287489516946,569.7638182916709,545.5577731969368,551.6024011859798,548.0530555880351,553.0036440923769,573.8666355063625,595.825476419213,577.1775425064476,583.6901723866274,558.7879047892219,561.2065412440386,527.732875688675,527.9954153879918,531.1689675267768,547.65014103126,558.1140763457494,548.2018477471555,513.603010797074,486.68702195068045,519.8012676969021,549.3645887789735,537.1211101946536,520.2408159893257,515.7899565476283,529.0857586204734,519.0636957065316,488.77426504771245,481.9699215188202,465.2111511325204,452.9562519173052,429.36325912241654,440.48206398361185,442.3462293107776,426.30664752145236,430.07702121288924,429.5665705145959,450.28481047421786,482.203709328032,456.3506449565379,483.2245884800967,497.5603741600398,511.0391223308932
121,362.23434091413947,351.30791459668393,316.70267853426014,350.4570197588717,357.9124280249851,351.0754316996599,354.1392492321124,321.97614161885076,299.13170848926757,307.76690323670573,308.76522431455913,328.86046191949345,339.97245025066707,347.0729475692242,369.14154687059613,338.9199642592292,352.2820400094191,367.3733899396502,351.634838417251,330.3303129713686,310.2999862532885,289.16984669352814,290.8346000567798,265.32844185238775,276.47845215174226,248.83393027815612,221.7164714247696,231.7232110629716,228.9643023664623,263.465837542297,249.6755785855022,234.36212324676083,229.7129762788116,236.71607606424328,251.33212755440564,271.8680937249348,262.3884310669496,271.20639966994486,269.95059254950195,294.20526678723985,299.0381911883303,284.3306082198673,298.5817162223452,320.98623038395493,318.5670763574325,352.6708830791948,379.2076646225868,357.9944914991712,378.06740255010783,385.13398965459146,387.5707805011399,388.5464815617097,413.2852615564797,421.0463567797211,423.6857757334825,392.1059692065459,388.48717008964496,417.0500794328305,431.87165048695385,400.4384289508846
122,555.9170672173962,578.78377271379,574.516296605165,540.8714621156735,545.2415353780395,514.0627688728894,501.489296047513,510.5129693707047,539.4168852424569,529.4625798506205,554.6642446524622,583.9495153804984,550.0238156761192,531.7837643187963,546.4741252647212,564.4531382802896,556.9223177954834,567.8951406895833,573.9739585833219,584.1194960290096,585.685199015681,554.9199003289402,530.9974129947445,505.28831330289665,535.5619181918939,564.5099035766032,585.3287624483911,556.1263178024086,561.3253206967796,539.4314645230692,530.2183401521853,513.9147295168042,536.9398982209268,512.0514961872759,522.2840379899812,556.1566644543129,569.2504852820673,539.4600487336836,568.0095138710603,576.0897340991282,567.9711352411581,577.1895731677159,593.0075011168384,578.0432657021955,573.3056022254472,566.2190720448615,536.2119777089903,556.3068865939053,530.1557086488341,522.7756093690158,514.8532085615568,499.45606400762847,492.6315628202378,500.8922005470078,487.6893124015476,464.765148040427,490.62087377593565,523.5791592659352,520.6800269372777,508.5714068013987
123,238.04318955572714,221.95472325399962,234.51884542055492,266.0645107079506,282.2141087460601,271.66296806701433,304.42621782975857,299.4392710576597,283.8147631358849,278.6594902665899,258.4675161554582,285.4622300695139,275.7443617987522,286.8021893133547,279.0354932312561,307.1566924887335,317.1233451088276,316.3009774285186,290.5509852712123,318.6851516708666,321.9623324498906,306.91604055718983,333.37092298435914,302.1817529019677,289.1671371150377,291.745125199188,280.53212872221854,278.9035265987386,262.4056642619075,236.5114806272103,221.89841124739448,225.8169077838673,258.89632998590855,264.17454931948026,263.40175808893684,255.30442684033645,269.8938370591734,244.78200037259992,236.50759585089747,253.78394129738757,252.9519351313006,272.32927825244656,300.1269673294123,322.76304872535826,300.6575887236095,272.060505210498,248.9213472486514,270.08433741775434,299.05251368224407,328.8339344215141,314.7090396774453,338.53293613839435,341.0694235899411,363.66485297431564,367.0503919409157,342.26291732545394,312.80828590057075,344.8136263452245,339.61980529543507,329.1562504382473
124,355.39517221195797,346.920581015241,378.07035896784464,347.45968008606695,320.7939702028279,341.0695762865573,344.52824068036705,318.5258137376337,285.93802331211725,266.6344276916632,249.89117933138215,220.92230025097032,227.76246919954247,251.57234080086593,276.9482231190568,304.8247312029371,297.11871348798513,284.4776743012342,319.4679336757863,338.3217652402975,340.9364109038263,323.77041119208405,311.2617928940414,312.3372973120985,315.283101697451,281.24060679660846,313.3986127656117,318.69105008022115,324.9321271888605,304.73510655162784,323.2842090677152,339.8927254741442,311.5537836124777,318.2033896706721,329.2769518437637,352.7667240639351,332.1931065881748,358.62754236462325,355.93121738415493,327.68787073555006,300.08135624131137,278.92766799843326,263.72021741740485,263.46862372959083,280.88120757171004,258.9520207130703,293.43764632803783,269.7441815519597,276.70063929251,306.7264698035038,330.00198940488167,340.35423352130283,355.43874329666573,329.83313716604124,295.50955092925864,290.8999658344847,262.1662906781659,252.20897001206362,235.03752270344384,265.85171992535277
125,554.4212796230619,576.7472790202324,583.3364770308384,556.2963756790074,524.682095512948,535.4542455627765,545.4123151650334,536.2720150978471,534.3600817483389,533.6005389249981,515.3955082172536,502.38717105078456,496.67443987722964,503.8969719710409,535.8043163922583,538.4982390585911,554.6797127266152,576.1697898943039,547.847496519589,558.5662232483648,557.3139736661745,562.384139623527,530.07332512736,558.508426685677,590.2033171559585,555.3592957869453,535.2547072298511,512.8682993894776,532.5596155990671,539.4252197368945,516.8385761676658,538.8165430399861,528.5597840663885,525.8197654069056,517.9312277793508,519.4278422302369,518.0378150482477,502.2586952346187,496.97761785918755,525.5612183489886,525.7638079025357,554.9108566321021,558.4197499793596,577.2369605078508,559.1956869222765,579.5246312253851,559.1879701808282,525.5564681958363,501.80749421827477,468.32319547051736,499.6175804029174,534.615971832156,552.9720902855224,525.5410617481335,553.467243971419,570.5315768000463,556.9508568248516,557.1103106514769,568.4334645398147,535.0344213815539
126,410.58554659796016,426.8532269258091,405.0290029585524,401.0943431021057,403.371452145051,419.8610281821973,452.3727879377148,476.7520762980152,485.25836571411173,491.1132129525484,498.33628146763533,501.4987864538195,470.65418807194413,484.5349356931185,499.67851170219075,500.5521370608826,526.4792694390607,538.5498456320281,528.9363716820193,495.3149764339237,464.45629168876127,454.0821700036863,451.4295427675941,428.11052113318385,406.3635025827681,387.47829769732164,407.1142314676607,426.1043803342847,417.9101093132492,394.9756160241569,367.7392029785998,338.8382548219019,331.22780238485797,299.4157727173363,287.7702253161798,320.0775522940594,320.6028753867621,343.1880013652253,317.23661757790325,301.0021323465826,332.2603834646632,324.1090162500449,334.49744524142744,367.8263197828087,371.3814627259602,357.75567917197174,359.9920710886161,328.81667504177625,301.68256622826465,267.18454358192355,294.07924649147384,306.06887651444555,291.9519600737379,272.43325941824924,285.24862149929385,314.6158660342636,300.55560240791135,288.0647400649861,312.8615908285502,340.39789794041286
127,567.3338953953158,552.1704986996002,525.5923784313446,521.3922084712426,507.0957490311253,533.9664157079537,501.53086163420187,510.9024945087409,539.3351901111089,572.7021157875336,578.2038765855845,597.1558180868141,565.019088553851,555.1617146695328,520.7717434824042,554.4546075357615,582.6454610494304,549.1141396981899,515.3834252303735,506.07128981781915,489.1689474931823,513.4542069001574,489.68811512918774,510.03357751824774,513.8457565175942,505.2631805159433,480.4635638372798,515.3019552544567,523.5609837189643,519.3177399987238,510.296668957415,538.6976451015748,561.1810716749281,582.9640768607038,580.0285332383265,593.8408090097979,571.158864687207,581.0842632826092,567.8903612773536,573.1560645538128,599.8857742891222,599.4565996557078,582.6768225821077,577.703181803372,594.1168640735085,599.4127428822168,592.1212589481833,559.9162864415944,547.5010678456648,575.2604316400864,586.1614786878521,587.4110443456595,584.1968133409117,570.2935402065573,561.3858584884965,583.0111326198526,563.2844372473279,576.222668336396,583.9072675746221,592.057940757321
128,341.556524468666,358.48877314734017,330.9430659778483,305.6073870044816,299.82090981661975,268.68671416148703,300.0255966640607,328.1583033997159,296.58366208652495,320.2654826189845,320.88667480528625,335.02407699143475,362.10925884230784,367.49747293774675,340.6403699576708,305.8208726917319,305.60537994933316,337.05162919803837,342.1351602109621,333.24089987713813,300.4054410728021,329.4540002822761,317.35496654233907,331.6893846343958,345.2859887821984,328.05781007801073,297.5222355302615,289.4722620372906,276.6714330058946,290.68938092695737,313.0741556231461,293.64533484056335,295.6215097249143,263.4640940420856,243.46200164742794,264.53410822528696,285.07199065952204,304.42030310114825,279.38745785032717,282.9598887731164,277.5494777841532,311.95351855980954,322.73840939389305,353.2025557915941,328.3770771421847,324.93820625920074,343.95073826661155,334.70077922873975,343.976373959495,344.79552602565127,379.23058467091073,356.40166247549513,386.87607114860407,379.98603791483487,377.7455455612455,379.747677419544,363.3233358798946,395.7793568626501,424.58346122908534,457.68681824388074
129,598.8294374396187,588.0564836853114,574.2601891267766,590.9336054071016,556.9826005470734,580.3908836770187,572.5472340189505,579.591686824147,565.316948133207,556.0037344834092,523.2239351801713,517.8891953102022,511.4739889895553,492.20936612032034,474.52199526810404,480.41176589907985,467.65576687684506,490.7734005080554,463.57035798805003,469.0055042483031,445.2086351480403,447.1854790324864,450.8636911190087,460.82452917580974,455.7442754849123,456.4075034439601,434.07418656965064,431.48526105119373,422.59738828779405,434.2265656136027,429.66408625835675,449.21800182697217,444.0374487271306,425.5414308353077,409.6996411624086,377.8696069188232,380.6639236608869,403.8255855339094,422.66340501113933,418.30866765483233,397.0370925149482,422.4810035457699,391.4556759289247,384.4012666930993,409.36432665997586,401.8866947782696,375.1379777312568,358.75444275546255,365.7565036774689,341.39901721608885,352.2444900950538,347.91582527900096,336.3230903364375,318.18787397305897,340.82097298302864,333.58814930546674,350.2816978979027,346.1065613825196,317.53726446459416,313.3726827263024
130,412.92135629959034,409.97030984412675,432.1072296665058,460.8668240995179,480.94133136429025,486.73606451905744,489.6375617578998,499.7606838665559,484.9088046173121,506.73808384772013,531.7174562799764,515.4226577027046,543.61993227251,568.0312229519268,561.4585826433204,590.0885967898125,560.4976810031104,527.4567401477334,516.8074179393172,521.3879168572314,510.988899874532,541.9336412315272,524.7633572653873,509.4482948168748,518.8862276950147,484.15669945893427,500.08569312375624,491.5085569402773,524.9509076753079,538.3501391873904,507.00518604315437,478.48913265509253,449.6609001397836,481.3444583322197,494.2280662174508,489.1604867276763,468.19427501927845,494.3490572697847,473.4579722067785,487.92551736008573,506.35822266825994,491.9841488881385,492.32818049008347,472.93743025237103,464.4625062742559,497.02191415385647,510.5415765796665,534.8045710130026,537.6465410156745,519.3793229662695,534.280912932973,534.3206701883126,511.70009095580673,505.5701832290814,515.0089985602228,531.4822285279795,513.5076842403041,539.8274979947573,531.3960754899848,515.3756457424772
131,294.14562107241545,315.4376144806236,305.22913472824797,304.0670666804034,284.6644543298747,297.6908293116999,317.36316784036944,306.12293526710334,337.2784922431015,304.421234912318,278.72725214150086,284.9423443507352,299.0408246941218,281.58863395975595,285.37361074215033,272.66064803514723,276.44689522865855,287.59983267215625,320.69639642199024,317.5951766234731,327.97029944246975,333.43304679686497,320.6618893689951,303.3763785878355,337.52732910996616,317.0069944290722,337.3262631242688,312.5873804957221,333.8919693510096,311.892960360278,344.5939254414097,357.6130614016259,328.9213384589339,342.4437368210647,349.69719021577333,338.3254274843504,321.57694732732045,336.8902020496911,353.7854981561817,341.68990758285923,368.0258053416245,351.8437106638189,321.73422048205566,328.72496961998615,301.2199097181993,285.58639421685325,286.0894417302439,271.1346152952547,251.18435926465781,266.5398761297833,269.829830027944,293.61311740546364,299.29988903134705,298.1411938555115,281.4291384682667,301.8737497246575,280.65472032416324,262.6107090922845,286.52191086499937,303.40538766604413
132,452.8919258122178,420.6163629672779,394.52439624720876,394.5214184603414,411.76514310414376,409.2522035975714,375.4627153066062,353.3616152132837,359.575284186699,373.17047836485835,340.5104602546917,308.5436829969267,291.8353910788721,262.6805097559316,265.61674600946714,239.27588474643477,255.18267791152022,274.5884502630513,307.52461672569876,338.9131040403388,323.04866455680826,290.10733674043036,278.1661918682541,292.7598001781398,261.9458848272176,252.1257708642176,240.00579874825445,232.06528190016655,253.23424302975965,264.9729852210199,267.4575718034239,296.21179658113573,268.4315162722548,243.90976198572395,242.58892933631782,257.77154513769176,263.6570955948706,233.84008371762584,266.8095476520266,253.164084804324,244.46903968834067,257.08666527014526,288.2482514923267,299.63642822955575,331.470561297895,309.60193961532855,317.918634643434,340.94015707477394,341.57186985261325,331.9240271606671,365.8571242628985,340.7262380906647,334.4913050176707,360.62746769691694,388.66111995233143,422.2878670615156,449.2271985200223,417.79419029714114,447.8778452710653,442.8495486695403
133,467.6152912335011,460.2146020751995,482.1713674381479,487.4857167807415,511.67384175952185,490.2378447659755,468.18666139881867,464.01303750975376,429.3456456571274,442.8453524998655,428.5691134464263,432.58006768143775,402.48031691369704,379.42542207048564,388.0255639720209,374.42194786979394,354.4524838507883,335.4717389073321,315.5090944381168,324.10866089825515,300.84704591111716,291.23649105370947,304.38857164525115,305.3455456595867,312.1552066138706,294.718695176333,325.00873629789737,318.9802836800409,304.0677592429043,332.37059212699734,343.2408651955044,351.21707561519594,378.2885012668277,347.38632130582465,371.02388714635526,383.4743926477123,373.67388828232134,356.6184822589912,328.95489525070025,359.83008716796854,334.76393440103607,317.924631902198,331.30213447206086,346.01280512408033,322.2666144462619,344.2557956998558,344.9759045422012,369.3678720102588,340.4778492995869,308.4759492361452,318.0652759407497,293.56694173843687,295.31337493976787,261.30098808968347,280.8960363280575,308.8631482405526,332.5849415780528,364.66963849858206,392.88634132469736,388.96760260502293
134,371.37231920858574,399.1051759665937,428.9908916415996,462.0894080238622,480.871614462857,460.01083255875363,491.1576220865042,522.4575247636396,534.0867202375476,559.0963388820115,563.3786883634882,594.4675745423087,563.2750445349418,588.7525032888757,556.3194071902262,545.0569008454877,519.529695828556,518.0691523009598,499.32638336043266,530.9714499138124,535.1239432695511,562.9650948108118,547.4291876443924,514.2476168406516,533.5434670985262,547.7099032965642,550.8943184937577,572.9683095748026,590.0801633099577,581.4886838956697,598.1767512995235,589.6788833393407,585.3556312271348,568.2981879794662,533.4488392646775,515.31482643727,533.789261914294,548.4802497248962,536.6517998630028,545.4426080806935,524.112731643813,507.56667199264615,538.8852385658209,532.8078786713126,514.9570102722323,514.0545875509617,506.1456991360774,522.2127317505148,554.5608592048765,560.9824789169149,567.362782002499,557.0391292378487,561.5632944761194,548.9163151232191,513.992760325083,539.619492426577,534.6805784130964,534.1267723668763,504.9718364466912,528.5695723850687
135,284.72808674348437,278.4715678583865,302.2901561528582,299.33496196780453,329.515625450457,309.16762668990526,324.23392478673924,357.69382143606015,361.1667760414819,374.6196489465614,367.14551511863203,384.7391288994149,413.3603128560759,427.57420254961295,458.0892123462815,464.2948979857432,469.6945188173106,456.0184359849515,470.69236036641655,497.4290368893474,507.67117271837253,488.98391816027333,492.0715561907914,509.98717537739043,540.7426074184832,516.704330884922,490.62912725258127,484.53517436888467,458.3279562312674,491.9579801066257,486.6592858164048,489.01202215115813,469.90816684165213,466.3469954892372,500.2755709295226,499.48367152521047,465.1013463315245,447.07827344906866,480.570111582564,514.8048375213152,494.5393538053346,502.6078399544043,472.9914230897833,478.41233806090736,452.22678716495795,474.533093819944,505.3033429521011,482.41241951556486,479.8022713172025,451.94528121042686,440.6850817055351,410.2419245387719,393.7601814999918,428.0758381962429,396.19806690874105,421.325849982048,391.74753042483536,393.77731560305057,390.4257010729648,420.63452727440995
136,295.638947668334,273.2166887449085,290.62667494465677,306.4270380616815,320.36976199617743,287.19866012824406,270.3958381989877,294.18850064878865,301.2485691507627,308.4022136020154,294.11637598035225,277.3284921793386,308.5873343406164,324.53020386034126,298.4108321064699,329.0503180565334,334.81622868379725,323.1515943707934,315.9513556187653,331.7296713434486,323.0687569614745,328.580892899777,343.3158576651653,321.9921074765828,353.0890115135613,343.02110551403996,337.37733850942396,351.2733442601714,358.8883005173149,354.69668910305745,365.17863192411284,393.376613454156,414.3964666193353,437.0945973161694,420.1831859158813,414.54142036671595,418.3087602825001,386.4021176238039,405.2875702502166,392.93000995927287,377.7117354221439,360.86217607707414,345.69872465647865,334.3597629075269,341.69748197285804,347.54705450586243,330.4468772579937,309.8965766181182,332.7416499231132,304.2322835604588,305.12988244452373,306.56914363777304,311.75872011458654,338.75422822808605,347.4282040347198,380.5825676720814,406.57728350649234,386.60910167059717,368.49193338636826,357.6261229004302
137,368.7754777304499,372.48513615198857,353.76102045473226,334.3251831326959,326.02248014846145,338.0640980733541,351.2328909900873,384.5610627929076,363.73014316743456,356.2302837974232,388.75770865315747,402.0583206397461,408.51781737728743,411.2930409753817,381.57876758491966,409.1149342020334,417.90029928109095,422.91701783605333,425.6820418685823,418.1160363810601,400.94256477632257,418.81510374973647,419.4848299930528,386.86059725329824,379.79721223734964,409.79946691294793,400.97208622080836,394.89839677559854,403.575675389451,424.6929116565628,436.48518989589263,460.9890210744989,433.9669621673478,463.6884408996532,491.9629761684502,493.30337722944137,502.0353338745455,481.9322473886436,478.28856804734085,457.4778033117277,424.0161708375991,457.67938560649276,440.8196417062071,447.3372233290556,433.354750176706,424.2982635914364,417.14157269219567,405.5948438849287,415.2128270387242,447.4783659729266,442.4827914733629,475.61566215716147,487.3614687712963,494.86100242276694,476.4582720486915,445.86272146164816,470.49815538207616,475.676829858175,469.68580022791673,491.5235127741106
138,338.02054537938113,357.87375329689525,345.83122177530106,375.2929048235925,359.0505860355687,333.6793742657887,347.5461438502475,323.9454515647815,355.4008650850105,366.2897229522311,347.4499692421479,327.06729464212793,356.73854738055746,364.2886012800498,391.850121747119,364.5658860863267,394.343339776869,395.7467916164552,407.53632575964974,398.6376087675394,367.7774313079472,399.8355022018752,434.457385239469,424.9756646527,456.0464197353386,432.7872601026481,408.61517157874835,378.7330003793904,371.12185891028093,339.7830164229929,332.40901969589567,307.09634970137245,323.2332953914795,346.56868084502804,359.7157607907682,338.7503514612991,357.429724964856,339.8947387571853,358.0589405449822,362.77677078772956,353.44664692811426,324.2911133892383,347.21677907573013,377.9924835316059,389.6067281316505,422.12463780019124,452.5124371332006,431.13502518946336,447.3198895913383,436.7712269519769,435.89744219157075,411.88502237199,445.11958233602564,460.9491991513742,444.632780825542,435.63579913730433,430.20960401531926,447.5369647053881,477.33577337925897,464.83658268817896
139,399.55003354655946,406.07456364498853,398.6086431130106,398.9013357486086,371.3008697800157,348.03807692042733,341.11516492583746,370.16089574977616,359.6159589519005,342.10145555425146,359.10181101370074,390.5409226390634,387.6795758335117,353.2819227232145,366.4523759265078,360.5066320396379,372.661819602773,357.1019757108172,322.2705457780046,311.3852810901968,325.72074507310276,318.238674883746,298.58086465947184,296.06134514885895,313.72574177974593,287.08605785520734,300.5087002104727,312.22278187674897,303.17443345470394,336.09796685126855,363.72733781489313,350.858641471038,318.03501800860704,304.6163544807624,283.94689045863544,287.2545244419669,316.56663392471773,342.49025962734424,328.8983005238821,323.9001278727767,291.4580818083463,294.5495273437868,263.9852859473378,294.68771758337476,320.3730860230338,300.366219873659,314.3220274640022,319.0834542343355,340.1784941104683,338.4741415830747,316.89817952967917,326.68721753827737,297.3068404279935,303.22799980978306,283.1173361922951,296.06288679094433,319.0259081119119,291.692639161657,284.7114378120584,301.0579489563782
140,282.20716337716624,286.86382027966613,298.8925490109667,288.7281015177235,311.96686071190555,312.7129336651755,321.6025724610112,296.4636682303457,263.08488044763254,231.63728040538157,262.1563774155943,288.94134431297186,310.47274505430084,289.4455914407411,291.22769707720636,311.9558941155925,324.1827368034967,297.26922036081237,324.95710434768205,301.2048718421394,278.2305703810729,306.3011744230225,305.2243601596386,296.3267879765913,300.08275993745525,333.78057323570306,307.1547051025761,325.14112451802066,313.5439348751096,286.7373838344432,281.27271870914893,284.6854201499179,264.1027347908882,257.47159692765035,266.9689187107107,272.3202800911262,287.94152167496577,311.48983898058384,305.12966220444,299.73737148679595,299.5058208986567,304.15055738534795,276.73314458200036,263.61761937563455,240.65004505202626,241.4727236078997,274.9679555130971,280.75912248076565,275.8158288752039,280.43141154086356,292.26677042076614,287.7135128510942,284.0531991487963,298.1512782055159,267.411659029915,270.21729881009907,273.53024566533816,291.5029039443248,325.2880366078909,345.99087168296745
141,411.4396728071779,388.3013953796804,394.47966339400233,417.8805854638903,448.1495699190636,470.9212964836506,449.14909892903006,464.02940943348324,490.64025575749224,503.3114434213805,516.3140862863556,516.3254463239311,525.9137818727165,511.520432218328,482.73713829333013,505.6771816255082,536.6972831429143,561.6748466193004,550.0487953839566,521.5959059755116,506.2055931097101,530.2040694164031,541.1110849507281,573.7796820379338,559.7587229462179,563.3617713666329,583.6644468813088,560.6765526867634,593.16285091294,582.9470806558074,548.358171882301,515.1189011762618,541.8740223243735,552.0437292676489,570.4588056021192,586.0601347309281,571.6373795317052,587.2394808227318,597.0165171325121,568.5561754547559,584.3283203145604,564.9246583341948,552.4291685479645,546.3220081205116,571.7823745140776,538.1767067169766,533.551541193695,546.154876663544,518.8839587433205,539.3417105345396,570.2748923873544,541.1606584672985,516.86702811546,550.0538338616942,528.9037287166962,499.4295060159205,531.0829835636334,558.5665732502963,569.4673563416155,570.6040828017633
142,569.3084245950528,577.3705710386914,580.3135945450522,591.4517253854866,584.8994475309607,575.1339378374342,563.465029256711,563.6844017520979,565.2579071882014,555.4230777306065,551.7913663592307,572.9224016596771,563.7785512637137,530.5677349281938,515.3790874523633,496.6010179387821,517.1517587670198,513.6022728600465,498.2240108725058,519.9733527414195,486.31852906038233,463.5160880515676,486.40292540927356,489.94854634550177,509.1040305660654,532.7763515994108,563.7137958006085,533.1535177518422,554.0999497827352,568.7135801581236,547.4365660425866,577.6557246863952,565.8343885929617,592.226513415697,583.10933634416,575.4426368695212,549.9434617285665,578.9463954286784,575.1493018638794,540.5139365861922,506.79385446111206,526.2281368123754,502.5636815488627,509.4753720428328,522.1511093782115,506.7067008846062,511.5586674734051,493.3767796926403,524.6188596083969,549.8307705528385,534.9937659576614,537.0107803241851,537.0550803249586,569.2567083814638,560.161457383187,564.5173862066966,594.5268478488173,566.1163242949801,569.0357960714874,541.0064261399566
143,454.6495940910302,445.24741832812055,477.9819434506926,472.06058613108945,446.59372075900893,469.9737180239972,492.4343864236012,506.0745597915961,523.4913859234921,507.0214511617506,516.9651961913453,484.6265871757228,463.40889724802526,493.66845857674133,510.41492937252747,491.5620072417755,464.3588235081257,495.7831846489208,468.6363212731301,451.6312246364374,429.4156041463994,394.93807157522315,381.92750576208624,415.1200267739996,404.05325818065455,404.3545997433987,421.5701046179234,425.1457117634685,442.19711728233,453.51162805566605,461.1110396655971,471.5864631704193,492.5279685158969,507.24136615197415,527.6656106013376,502.85744528118477,515.2946065709225,531.8861404337098,517.8837907084882,544.1042036575179,530.434015888707,512.5022642450618,538.1990413286976,520.4904299968475,514.5756023670735,505.3302004696509,533.1945280487299,530.0610297288874,543.6626550596225,564.2453783846905,573.1986290369929,596.5202428037198,592.4005376776777,574.4491248344567,597.0216140614727,581.9441195330901,548.1419792805173,531.34290885622,539.8639799488286,515.8410231115392
144,441.9458570594174,432.2577186209445,434.6647022250237,399.7959415761514,424.18543640296025,414.5202205472472,389.3313109467039,384.98542093705953,384.01783148127794,393.63602121601116,395.3553920406707,363.4020427853651,389.4079053308086,386.36353055589586,356.7526746332065,375.85065119024944,387.0614605050642,397.5221045989097,392.406084720399,386.1408791038682,388.6845836509822,357.2261925539194,343.15323604917387,377.30582819854,388.6593024375053,382.9846940167178,363.5501112225495,380.71476655556586,363.9350882349993,340.30099550423995,316.11703852064005,332.1654680621713,342.16218586238153,312.0486128183677,285.1016098937219,294.4708906084723,299.4490177395234,312.46895196555033,289.9316755509787,305.7928289861804,336.31958169931886,343.3931037167997,322.12220509179457,334.690274961682,323.7059928099065,292.156135056907,278.31984373158184,306.7108008680911,300.49055328040936,326.01712694258583,326.62328098918124,327.81174021635326,293.17688269089587,302.7741678211239,275.3211369732533,273.8335260009971,257.055705897064,249.52251350511605,254.6535809343032,221.00747737707155
145,328.1417616432167,362.41459704364723,331.4325358510864,318.7900800221022,306.28958326962754,297.8465977349209,310.7812620258851,293.1233279336926,290.3421820232163,300.4826317028878,288.045175785889,319.45925642111683,353.0363408671045,326.4134906052303,315.48088251328704,295.0389273997403,273.11419908873836,272.4827877724179,276.9506853418594,271.74632818369133,255.8251693005066,240.32867949826135,274.89314078337725,304.55055696269477,274.86347583194976,285.82202147167857,282.80345399561764,296.02044079955897,302.8076901873977,330.05535819316697,299.7445401933847,289.2163940374241,323.200982841715,300.9609572710582,274.8742980365235,290.90233845656377,310.3227996577862,322.3819479950124,341.7156560082072,355.27616605472923,329.7801138149716,337.35564663846714,356.7370144176344,382.32317686034713,364.5596438482067,338.4797971139044,358.15612816468496,341.11451231718155,308.3495757996437,331.114525255095,331.5339046218552,319.39822389184474,285.19826125805315,252.6711823876095,273.63775390674925,272.91716585428975,248.39770930504196,242.72843554055498,229.54280755414183,225.0280612997266
146,324.9969718561746,328.4625701785424,308.1630327253983,297.220008415332,295.6751702922842,290.07725203510483,264.0811979735951,231.80179246110728,221.6595319795993,232.83739890997728,254.38562176831076,229.10723051271583,254.71151340140966,269.89073920477614,235.1667835667689,221.34185475475164,227.08786879143605,222.36200954075287,239.85204616852243,222.17363637504914,249.8372645195875,251.96231206236266,268.745507468282,286.2946860337909,286.7681618107072,316.54356314844983,350.8604173183214,341.00544533933964,314.815935156786,305.24260766213666,285.8773804531356,288.0477771474581,279.5349092351262,278.16636823520156,296.5894985605217,280.77096677845134,283.39419750323214,271.85548495624033,291.80274544468665,301.5703097132254,267.16564084896817,278.36923472633345,255.28057529099422,270.99374060520694,275.707447284389,268.8112347250112,282.3958847695193,307.3574147803339,326.86947475067905,330.04602411071255,345.6346265288796,339.6086453363724,359.8404738457914,382.87410625938867,357.4846748407366,339.14687001231283,323.0460816267539,299.6718019555003,292.14925243831976,270.6615772397926
147,446.3049381521116,418.4180191549447,402.31235986681764,413.8988050830626,406.796963702397,401.2993556321356,422.15412333922285,456.0699320695919,460.62467689738685,431.1593788998394,403.3625870954939,436.157637637553,448.70408152994605,466.3769198133134,478.6803828513013,456.2536149699621,452.63896622769545,473.504596861051,499.1500042669962,480.7634902992422,487.4808156576097,463.4779488493014,495.557329967824,478.2116301972981,494.07608919957084,475.25399529545064,483.37777129694854,494.5262727885345,482.5162400303672,504.83461061019085,531.8105734875123,556.665468605292,544.8213439678221,561.9251620987079,566.0895149395536,571.9278202408577,567.0400610398033,572.8337720159454,546.2668793313809,539.8861856496028,517.323208988759,501.93059615675884,475.8776136713082,455.75230603684963,475.48735394198974,478.97590629442664,445.6309245902831,465.8276384564312,494.4904261714955,521.1204754762801,543.7316572774126,578.1868082734782,576.5021750022621,597.8114576401146,598.0975915734268,574.6568551414861,591.7591633588962,591.0263444328634,590.1410526597044,595.3472645812083
148,365.9922037697169,358.99605138183364,368.79971302608817,385.44603067309214,412.0276278591252,438.3368003052749,453.8305740123131,485.8130684598197,463.31707178605666,494.8408610886627,464.3342648310162,468.22779651445046,439.541583505019,444.3016517688885,436.60933164078887,407.32199184595595,417.69016819764914,433.8740281712481,411.06700712464675,424.6775774762606,402.21090591660186,376.8286573686712,352.1440860254034,359.07957885220685,378.59493542106907,385.377494524236,407.03209623551317,413.435510110439,434.2479974248331,467.60457250416414,459.97175906193985,435.4677114468225,409.9454882661695,416.76892003213135,420.0661346420053,397.96261113994746,424.7099585266846,456.6823443184778,439.40743933570894,418.8892444987836,398.86377416031195,390.9832812387071,415.70918350963336,422.42642620551163,392.15516642679853,390.2637023888432,361.5869202008097,355.0219081814005,348.26831814263267,358.65300474230787,362.1147824297249,388.34761719346096,354.486879980044,373.6667975266695,340.2528813935784,326.55316938692397,353.1295890594934,366.45858107689196,343.498348562522,342.85326665035797
149,494.3235887716346,524.9376212654016,534.3401052106759,501.06738401098085,501.0465141897207,476.75382893167864,445.09839746492315,451.99414189263405,471.37867506836375,438.90291395311203,458.7541629206984,473.201314507504,490.84039667928926,472.9713827693883,465.5230646539283,438.90562255843366,420.6279890748463,406.82326607826644,394.1838308458415,371.4366230126183,349.64644887759835,377.7493768630496,397.621929900142,386.73536914454263,418.0704169082099,399.79500680367255,393.2724385451761,415.219210345596,411.2212562598499,392.6450288634201,383.4425115969243,383.492986663152,391.9380935193756,385.33054849008226,380.52185166848045,363.9979045645802,366.47221545379904,346.8341518176673,372.5609870852326,389.8766820038737,383.59621119286663,400.90216048516595,366.39187641182207,355.50612199678983,351.327202367065,349.21309789526384,366.62430133498754,399.02082126430753,390.6206203953037,380.16260986225495,387.8986757228827,372.5864287162932,347.48095208335644,379.78881301781036,401.4559099944419,433.5508787061309,413.79918021400505,380.045825261882,375.65413556354946,406.00676297296013
150,272.5636287712684,245.76661536969027,224.19002731893633,249.98107627762212,271.0703520436444,284.7466759400869,253.47710509865044,269.5286913882457,265.9327079805638,241.98531751612614,236.81784941473262,245.96835148631527,240.09830682931923,273.4315404425033,271.6634623620073,262.71399807965736,274.8355781074199,285.37373208733396,250.5444817157027,260.53753800991603,242.6013662437484,241.61397041608132,259.9892152034943,264.006250674243,254.8121107650998,231.68727002567763,243.59958336920602,238.71471591980216,269.03765788392735,271.4419227041609,297.0594022960898,289.3720742899356,312.29267575509283,281.25025890713835,267.1185906968994,237.59090601002833,221.66451167917634,253.68963552520373,269.2414527722244,277.99915728501736,280.27365394384566,285.1424364790246,294.8507631760763,317.71134880788355,324.49354771357054,341.8942011313323,326.56266475941374,359.93598640656677,327.1687909971588,319.2291526665709,345.9726212718302,323.6092286598635,298.50289516521957,289.08304884821354,284.05667788439143,314.3942621307124,337.9226295603298,335.4089041986658,368.51716126037803,378.47664955151254
151,551.9903181531187,534.2143067871964,533.4417919881952,500.5219969231455,466.1436104517969,480.52533591755946,453.8058894901515,457.15246608790875,470.87298984261014,438.1294108786849,434.5413088188826,447.43194440789136,474.7131135577309,460.65922059984683,493.85437767774994,517.9722826539287,528.5167376996585,520.9515232068877,535.7292495408526,557.8627783757773,544.0937696178363,578.5918741613284,594.8453899099026,579.3405109450533,584.5728547307419,575.9971273820665,585.8942158244414,591.5038254451014,557.5139177578228,528.0531598368683,516.6058789482393,545.8388332325037,538.7179840525409,565.8438391166757,562.8239931765423,548.0436975983524,576.0888604127271,574.118614342999,561.0653977320151,529.1738879859622,501.9392072573379,476.69093019224505,467.2294705209875,474.7427774230916,461.2740854326267,430.8610197961627,414.397631408376,408.00534697134873,442.4642419784118,434.9733253109775,406.2170046232986,411.89504163647393,441.2698467203142,461.3385456406367,484.87382728374325,514.8500530109063,524.408098247894,559.052689393639,526.3823992852145,549.8211766152639
152,545.6640544184595,574.8330817717971,568.6030644285973,585.9076437352251,560.4846001891565,567.7037159516315,556.8392019976534,563.5713575439917,575.8605930450727,561.386028169079,541.5227091202801,529.0408627404335,540.5178698979545,552.8990662550513,569.7912517767381,543.0425456261812,565.3387629439935,578.2759900767077,545.0063603496183,533.4982098100718,531.1679977235252,521.4112220506023,494.6304042251912,474.14464414054174,440.86394178425104,412.37934307893045,396.02035131964857,418.41826991414973,420.2828956097537,414.99774795813113,426.34915403522956,429.2548932579799,403.46086813087373,384.044503598567,364.62106886790957,371.6177447507735,368.93145038402776,361.06240476328753,365.0271468650127,397.9352518697917,384.9287937937031,386.3424741480493,384.9683752431374,400.1333874653466,416.2537062241507,432.2886567230635,411.39502731877565,407.8315468640588,429.61377523609843,421.3208871739435,455.21874538423856,445.7538173096925,445.5904952236303,443.8072868598086,439.16375303265556,463.3579488150291,439.22721544339004,443.9637448923688,452.2658553072485,476.85134687210444
153,451.4960607719212,483.6974851170658,509.7492249753308,499.161021360022,524.3544725303805,556.4479195169224,539.4517221816435,547.1663386481521,531.8926125121016,542.3623220478568,513.9173183661483,530.3104798969823,524.6978678986563,530.8093704060069,497.6197385826518,511.30064044737475,511.02003523684175,519.7876057749907,506.88436384132285,482.09177598082186,477.5718019205518,508.65034041059727,489.59592227636364,501.9046531188312,470.39370120124914,485.66068616993414,467.3512892460387,463.95748346209194,454.70020050372614,427.599024535941,416.7897612117653,406.2985082922883,407.84590302437095,440.91051033017004,438.8117369059142,467.8215678001985,465.1306038995774,437.6586349608232,418.769337630139,412.295574954171,400.07138906208394,425.67943918935833,438.1846313431169,443.666222977424,443.05229156399236,435.86123484422706,443.7147056324678,417.4372072135745,393.8145303887579,380.0326751265269,357.0155982788021,369.41250861053925,336.1462911089764,312.3587155256489,340.54128319056514,375.3693035661112,374.5006370140777,374.1765421256008,393.3144554822215,360.8477259156617
154,382.2681631223717,354.25611484941885,347.3209616353729,381.1884905143941,398.9428201706294,432.89603146859463,450.11943526553677,457.68714029199793,475.48259859690495,486.6190157048739,484.10363779800747,469.58188117837216,470.994345331777,454.08888850487716,453.1562327558273,428.38571117030335,432.9633680982062,415.13322645505355,400.68579373096344,400.61776365573064,376.9946013672413,409.3611932217556,405.64729529925694,395.3068413731295,362.35060372961016,386.37840914746647,395.1867832189134,389.3351440578042,371.5224400114975,388.68205931877446,419.8652796206912,411.5219590163326,385.9632838028788,358.6069161119704,324.0522541753424,341.12913502936294,374.8268120424799,409.32405473522965,429.21786253923443,405.5707270199575,439.010388933876,426.9573299440126,415.31070260849066,428.4242893109614,396.857732406173,419.6616134997021,454.4724228538442,473.7273073201384,493.4446617046517,485.76661864431026,455.38111587540624,475.86783627181586,482.6689023551519,511.3226105936978,484.44001360537607,470.7986280219636,461.0445587826007,473.8741383807291,494.01629979794996,526.2877283988594
155,332.2547201631787,331.809268762676,298.8365338683669,281.5456853359891,272.7259309043639,279.2923653611453,277.2515499130875,267.76480409747734,276.45026175453125,299.4533591527213,281.37103846165655,270.3723500098854,284.7170054879768,304.1728474010739,326.9506284224992,306.60381374529123,309.3525010324003,337.3532779291702,329.7898097855746,324.8816261010835,358.8192321741315,331.7329173964069,346.1250566587214,370.6379455515838,346.193491715965,361.20521823647164,359.0868937772026,383.7892557044276,412.310917882941,438.3848611037611,407.891820734292,425.87169011134023,455.3786203603483,463.8730112073135,470.9343354408078,439.08471255867556,464.00702411309123,432.25527337113255,419.2009458180597,449.0113603881648,480.49352037923063,514.9265582125452,513.2747182054472,490.694786452118,489.8509005301539,462.0128052859674,488.09033291386527,492.3279392425206,485.6433521841935,456.2105013578498,449.5773487350139,475.21076132232156,489.44917659572644,460.2210628214941,436.4145668023264,428.87616115185176,400.9724169398661,431.3553003793951,442.0157435035564,413.65335359483254
156,519.4618357045752,510.2502507046112,492.39119582333666,497.290141759115,463.22619107755287,460.8040272848507,484.8703768015126,514.8344085205023,503.8132378296531,513.7837990012061,494.6614396870245,498.8763546559542,481.6582954866774,486.6532510905991,463.67379930112526,494.5600782743773,521.6443016228877,510.2285790843065,529.5949813090525,501.28027046030616,518.1055340696859,502.87767314257513,477.37259694988546,489.8459822031385,487.7324594504957,489.8422315716268,491.27931646128127,460.44067520870266,429.03729264519006,436.11901792155686,444.78954288643604,413.09176184249407,404.5825150746413,412.48210464387125,423.4497505465866,446.4290536959452,440.88031354772687,444.2583582280147,449.7575845206319,436.60075435165425,405.3685325225671,370.6643473569244,394.1931264852211,373.20935406178813,382.32718055292764,387.720504058002,380.69481942983833,404.0393510388827,417.92746273741926,384.51936517816137,403.8879503131293,404.3778675732527,393.66921780905193,409.5511437648694,422.5757378401082,409.31691449093466,443.1296354957864,453.5392295656091,460.9438094373817,430.8354348811057
157,326.14113653100026,322.42931669385115,331.5731159955285,332.46657014665493,350.87887548965233,334.25861536240546,348.40960503217934,370.5713983145607,389.12489660536744,408.0841575265298,435.2796515348814,406.17214950851564,419.97555950470286,452.7830335828551,457.9385790740728,438.15072091298026,473.06348731717515,450.29089781467866,438.7799366309188,415.82428982012055,413.3401906326253,407.66151130539237,407.04837406113245,437.00721206501254,435.4899190734083,436.5137619083634,463.5815093226562,485.82456890369446,467.60511108947554,433.5099279554951,442.57489940963865,466.7143870782651,470.4138949609931,450.19627936189227,467.0911357091637,478.9588854919526,483.5111631105513,508.9446952920201,528.8416599977525,540.5983063973471,552.1314132289724,563.4855976298517,565.2471297740111,562.6069960478807,577.279028212791,577.517362953981,570.6827377763074,543.8292492894118,557.9642644951334,568.184164435591,556.0517789876144,545.9944006226698,528.2649675121374,560.5990354576887,585.8131308584993,578.409376050164,566.1391782253253,581.8775713878024,574.911773750701,598.5489314622047
158,240.94659329041872,221.91817001875324,240.99207823607736,231.38202614056627,248.02885151063805,269.2521960332931,243.9198793162342,245.96058339498725,261.981547171997,285.351997119105,285.09608342165,264.5268345050715,270.53278239606584,267.3489772068158,286.3837570971298,290.27408159133614,274.8336807392663,292.6411851197495,293.88347602708666,271.3117346865696,275.7267973065092,307.1092014957203,321.49533976136183,307.41157506342034,322.1726973339204,306.9551391040729,309.9433577319612,311.8050611970899,294.1224227209162,283.47410671250344,314.42680854752666,296.96870609660704,318.0405991507761,329.7565397516259,332.0405790284294,306.6666198909909,285.9865725804373,263.5150062317656,269.59060435992825,302.7274281302217,329.13417652447134,295.9018083295417,280.06267204190596,256.0706941674975,289.3681431003506,270.86085952219764,249.95278247491322,260.32757788809636,264.2606387383314,245.07024260301785,260.26898004529136,232.0594848359196,220.91149826916669,222.9596386138047,233.85026599970035,267.6298069707359,270.93709688739136,288.76792409847405,276.2726267546832,291.62636133851623
159,587.1488552864959,569.2681234202145,599.9381748800874,587.3219929379717,588.0133395880385,564.8618360068185,574.8781898492255,570.6008106855061,597.1923657124903,596.3959890683517,576.7091424135407,596.902992253382,595.611702929804,583.8659174135898,553.0649413434575,529.3202581896251,499.70145531679105,472.2609733422253,505.64763954974075,485.4993504948714,498.85917125871777,508.41614929651166,517.5962898362219,497.065569807944,502.61983141486667,511.40751588581327,516.335888050971,494.3672607602685,509.9815025554981,480.10852388965384,486.4925247170274,482.0306779851193,464.5507395044345,486.0679687362642,463.3804484033171,493.68917159617365,520.6087235786567,510.8498518800025,497.21055704010405,471.8346248794272,500.9775719948041,509.9048021124331,477.12965286247135,477.8996118817841,448.90553822984117,454.0680861765401,454.69540645899696,425.4946296441875,447.60487116236163,430.96707356400105,433.87097905567,443.6037004198074,475.96501777006904,475.5318362716583,504.74394033181295,494.5839542261519,519.6045583416516,501.11239422825076,515.63597759873,486.8388171615798
160,594.6991355397905,598.143597094304,579.4420011258943,573.5507933771012,575.2835844056563,556.7078416241387,568.9208420885001,580.0812272691446,573.9177838174712,547.9421127348098,577.2851288072218,548.9249409161615,557.9669927258973,530.1831944885802,505.41024412788477,471.8479261099028,462.28341197987595,472.0541914894186,473.5622868707196,485.78002745811364,498.0313477190803,472.843509798677,441.8571280381971,450.632197868624,461.357899216891,465.3271606768103,447.53053331949525,469.284098508253,439.58211959299103,448.8439448454862,422.27275235704224,433.0840925073683,427.3248976550131,442.5921115356501,411.24556570903553,415.1013749026613,390.24282782426684,403.009542037,376.40643622881777,346.5572688354526,361.4758647083055,330.92310012808525,311.6402573832914,334.37172118208844,356.0499027286643,380.8387057733186,368.6656980445286,370.62906005704326,389.7633747394739,364.3523607902495,380.0597223353498,351.8837667929756,380.81130939685636,390.4230221726702,389.9543940609531,388.8854418876546,366.58078523679836,355.79500130862414,371.69365788082456,374.55971134063174
161,421.1363575580999,399.80357017629046,413.12893201304837,405.57130508734286,383.36403877804025,414.4289713897833,414.9048836703757,416.86744899624125,450.5634827112777,441.2119123132122,472.2233602325837,485.8681355120673,495.1848298042033,476.5941109401769,445.2170080073222,440.8618766872819,406.57384402698267,376.54401978090954,383.21689267951564,398.92992099462754,375.68630422932694,391.9613331164911,423.44214097812375,440.4644666289575,460.3945319992098,474.4444126179958,455.17603344982837,445.4383294007369,476.8870167946241,488.1717573225324,508.4034886979174,541.2121120170448,522.4126964529314,509.93076316579015,520.0668788642051,486.77190202908565,491.757237442445,513.3654240084599,521.0964601761486,506.7739900488764,522.4612758824007,497.6834896099969,525.3176324594931,497.381684632325,522.8260639956954,522.6727239372317,517.6780141813779,517.7243374216581,496.7387786381626,493.77676920727953,518.2571563201857,539.3240232755016,515.7374206898947,527.8768891589291,552.8554977065089,575.2392289098256,565.6753519222601,534.0093711543135,564.1912307624759,556.9031888718403
162,357.17112215741065,375.3371682709276,358.81522335536914,382.2475779770796,352.57118723443165,369.4209712845664,402.02623561547364,436.7300513966658,466.39635660115744,492.3497249795991,476.8713406916402,509.5367260757237,539.4894876427284,541.8955631344915,535.040998942049,507.6897066911222,514.034092138881,528.0723085354348,521.3520693581418,514.774138602279,519.9059359522803,486.8508226657816,518.9014354128541,504.19483490962375,479.0571952334454,444.4413829628667,469.42379085986664,494.8483071658435,466.5197694820832,442.17666068429924,438.529816872343,416.52910898698514,433.03658856555813,402.0993707649587,405.5790240319693,397.3744335899426,394.9206874484002,389.6536856870923,365.3748284645181,345.79453243611744,315.3310713598473,288.40106163078224,321.8536992001063,306.43877601751393,292.9305637712834,266.82800690153186,284.68950121630445,314.3794979294142,334.6620355240798,342.5451435844718,364.47144767721215,357.76756398251223,382.93237883816033,403.82869831283307,368.9494234107754,368.0950128550016,351.6181731805474,322.6544773262861,346.8882003186303,312.44467821970886
163,497.46213078103693,531.6355792508399,530.3769629202764,521.3638000161768,528.7721068294068,550.1009547647438,531.9185943290133,514.4676943697609,521.9701553558402,552.7617428156416,538.652541118755,530.0253675447859,564.5586986470062,541.8942502114622,512.2820219977335,518.564888719376,485.2635779088903,462.89390409812785,471.44854674646064,482.61441479485393,483.34418227018733,475.20654550624414,480.5403764157735,490.57737912810023,511.8211223685158,532.3136803432051,543.8497339292514,571.446014755244,589.7058593569801,560.7411227933245,592.7086836859684,595.4216394638984,573.1234110802986,539.3723540530295,546.6506703261097,542.3399007067568,559.809567087786,561.5315506033896,531.8858810709559,514.0140004887902,540.7906634176472,508.42894211770073,524.9958189755807,510.431864532181,507.11665074515577,509.28703097896835,491.79272599047243,502.42995700030883,515.9709122671602,486.9250758441145,478.0999711537139,495.20638223815433,510.72101142703355,513.8432455004003,533.2804800911613,505.8156226039503,479.0904113530674,490.1146623738115,503.6480331264705,525.6649129989454
164,288.79401355383766,289.968029714015,301.2262205135058,281.8851906815368,283.0701412731162,292.7612929804579,272.7727587838955,264.06219750140536,244.20591421090492,273.4595601369449,255.03548187204433,228.49390569105012,221.52904180410107,221.64210727295372,227.0201233736754,245.55699668203758,221.06882339220843,230.34251598085424,222.6374331993833,235.19268000248013,222.4381966574584,242.74526851075223,259.7532440617129,275.94687253677637,256.6509104420142,282.44592177933623,295.7660934925011,264.7316088434885,260.5852784525884,279.3282329886621,266.09080785907815,257.79992203258666,266.87218994334467,235.7558515514575,269.0776113759224,246.29128211860336,221.63476105498623,220.19500617515078,234.06231869541224,263.3835204244439,285.76686596969887,314.61007184717755,316.97483420020046,313.38707057146195,305.39733889893756,273.646604204329,302.3130921456897,302.0454186056206,298.9001387792263,299.96186287021453,320.55267913820853,301.26565515698803,315.95870268663265,330.712584546415,355.18127930448776,320.78913119695864,297.7168192234179,295.6900988665508,320.2279259888543,352.78610630281315
165,446.0500735781725,425.8994518577839,403.8203805655091,413.5814573445478,393.2862976387061,397.00241731316817,420.43925235324133,412.7266277455876,404.21968102752265,371.7495046098978,354.53542509961665,368.4088272729659,358.6362144322196,334.71713864251416,307.12088000573704,278.77461647628667,289.91395679453933,297.79746031008773,299.09393070223365,299.11678207337343,274.8363617615244,274.87865749473053,244.07430185675713,274.6944420601271,243.75637084030956,244.88509719325566,220.0341977682068,247.54214994789476,230.39264084826533,261.98438061178723,230.06282296202676,256.9869943469506,267.95164124404175,250.43314156605408,233.24495094653085,237.25615435043096,263.28914892755336,288.62610731103524,265.896083877738,255.63744665564116,237.26184352879892,226.40954131317815,246.76917261975785,241.36416693840806,232.70358392502692,261.31119746713796,278.6934526303876,297.85673303913154,265.6004454219611,294.6595768681358,299.89126332633225,300.15745965424856,265.8984338761932,293.73478860658054,296.8071215406006,319.56786390443807,330.4536311561186,351.2221841018802,364.72740650092635,394.1948796644342
166,305.6839908090289,284.8309981403324,299.70890747649094,299.80654351733375,306.74782544077465,321.34579828416054,324.6657720741607,344.80431341079446,332.1250283263041,357.2543593782826,329.79170408307465,339.1719824703577,366.48125799723357,349.1698469503529,337.0482741950268,323.42919868951856,327.9276585137709,321.8286856033313,294.38583555297447,321.77594107592665,301.10330511703387,303.48890588623095,310.12524860183925,277.97787765716714,249.67774059297074,282.8466950280214,294.36255883847815,261.712121231728,282.3060666774379,282.9040633268619,253.16803337235518,266.40553173802266,266.36015814881546,245.70454422658008,273.28051639378555,258.67710647480334,243.59607095653487,235.98346015376853,259.1275510309991,273.55585795763636,301.7760559405614,282.829801311461,302.8753229994576,307.9885133564243,294.59608603211103,262.0778753006536,284.4042037902313,266.2791997961662,275.5012123312106,278.92196785539744,244.23343556067232,278.8983893292019,300.90144423521093,299.9544331797787,312.5783290967455,310.9399256580996,328.0609646476107,302.4639628549333,298.7085325213154,287.19613491641564
167,394.6689925277333,391.2020782279588,366.21865471250237,399.57285466213443,365.65730465730337,331.3624107945213,322.50330309187734,330.92964754615457,308.50537342319956,310.8289536964908,326.42299145393434,298.0072340867449,331.91680264786027,320.4858479896109,330.4549269547183,303.2053170277786,317.8693642382715,341.7013085326455,314.07126849578907,287.8816893016937,272.55500830879964,238.3905153850727,272.64578680078273,279.5326720474682,287.0639335449164,319.1912854205309,342.4333332228908,364.4303383906752,353.19550428378903,341.6359418263142,327.0575990131995,316.32630233754185,307.19191563273137,281.9921738613729,271.90852425051946,268.1808167176504,254.83513042991646,231.5470270874736,237.38114391875882,245.19049928049995,263.3810014391237,278.1676447423506,257.3562969181833,224.92217457995991,232.12833754689015,227.40557281626369,236.78363717521938,270.71410410315764,248.3891000665231,240.2131323082454,260.0358326855555,260.67862748589,228.75359753602694,227.07451998022336,259.35017607879985,231.57172557053184,249.57736699775458,271.16630420693355,254.74703859767823,270.57204347124167
168,284.5601680314685,269.4926872698338,256.32022943172836,291.07067877122404,271.09073943648104,245.135261960832,275.6666970878438,252.00184565526845,278.91337746278623,289.44534139805455,294.82564626299086,312.41935607125123,328.23928307161475,300.97611633089673,335.938744059365,366.871024910776,394.63246231111015,403.1927016870786,404.7880948803406,407.3275957520574,373.37318184803365,373.33604698421465,381.99991672040903,393.1093513346554,381.3591138882473,379.34887840879577,388.89062087517596,383.8720065944387,416.22147052328546,430.6024182129255,395.69158045048783,362.32114415424553,375.6421583970317,369.5273152252169,393.29028167007556,370.4013603341139,336.36924431777436,328.5350088257342,345.05949612725567,378.0804374636855,404.9362090182594,403.8214318538591,425.71864167760475,395.64177372833774,400.7008380592796,430.4017269702925,423.1486872946443,455.35573137106235,435.8036881420997,408.1980548094372,409.9314183351563,438.43869937384204,425.2282446859741,446.2394670439008,423.0832756555205,440.27320337558626,444.2650892727064,421.51627755031245,436.78238501094506,451.745312952895
169,415.86538707450734,396.64812170949455,370.9086941666443,402.91654755882956,413.8234252369704,435.4703290871073,449.2582661206242,472.32142268408444,448.6957800665091,448.4822957848022,460.18102971996274,432.41832271262797,407.9153091656166,417.29409076318285,443.10349706095025,454.3326295868621,421.8669665287874,454.79727072510997,429.5627537885471,410.8421101372214,444.0898198705521,463.0621296362883,493.6224972627838,515.0858757593459,525.7072890095699,510.6259989299803,498.5076998489471,529.816674962053,555.0604680929481,545.2247994839109,536.3535187173602,522.1921260366721,510.0212360204224,535.2679586606374,501.0034386219267,496.52712209959344,527.5258995965471,530.5104444593437,527.041649769417,513.9075360983882,484.08142018872144,464.79547365064735,436.12756234622833,409.99652242630833,386.44268051514723,372.5847407610467,338.3559083607342,369.86598035226154,343.5333168396498,335.3537379048209,361.92066708485555,334.3804249982089,333.2327226209974,357.3675744488951,361.3549581312849,341.0790098108781,357.56467700975884,370.2585514104844,360.6115648687691,328.8522261794654
170,222.98858216051568,251.35550535538144,241.3371012269951,227.7615567237937,242.17405767176112,272.6477759558642,238.241436472432,222.98916275426072,235.843187819814,254.3682615569386,253.0262611511312,281.0568644708376,249.14278335846106,241.8175821129172,239.96273755554378,238.6943234573824,246.18596511116192,268.3722195049629,255.62400265316012,272.7378271174143,247.99041010694933,255.32028861354246,246.57645041013063,253.20268722815996,227.34882252355084,260.37802888027727,288.8130170564017,311.6607583567457,339.15555599390933,314.42370690661335,314.68423101799,301.93787213094663,329.0548880222377,307.3155257972004,287.71170065713846,300.7817126019892,272.004688738126,288.2703911222908,272.0393013042794,283.3047768729797,309.4174219182259,317.0902180446752,296.9780793747029,265.41966616244804,233.54264418110265,224.31116358766005,242.79331680815258,240.12466475682638,233.40119062899427,230.6146985101304,263.26926059003756,236.58642090248276,235.72428449126045,243.9153467698221,220.02648398454684,252.25775207163582,226.66514844799156,248.43523888897934,259.89223177283446,281.5267016301661
171,467.527337613618,486.38445681873657,480.8718594339335,480.08117405254706,494.19752120405644,498.98739167791,499.79509019658036,479.1841786203988,462.2517568768451,452.34656375100263,417.99647073064784,412.21191220126445,377.40570550473836,381.9567860192319,396.2387998472963,400.5892040603552,414.1356021846965,379.13652398363104,348.29746211353273,362.1898329748216,383.3928433317956,398.6319532940532,410.0428102728018,424.559596739611,441.3308915453426,457.03731643107244,473.69790986925625,443.8792893883189,413.30829799294264,403.58669401900335,405.51846403741905,423.90179781194,412.3313451273109,396.58954049166533,416.2909220599624,398.74450166174205,421.2033980387545,398.60274651915717,388.76589312023054,381.84118578007786,367.8069170916129,333.0419010637038,314.52754911119115,303.1632982327123,290.1170408495787,310.1059256029832,278.4216689805363,270.64807795640314,238.27415984696404,269.57946719914486,289.8941277913216,323.64543973798254,352.35667695670384,339.46357100482976,352.87440986797037,339.333195991459,366.50797914653265,360.26068004424656,351.5728079775428,380.55762007387614
172,537.9613092955447,570.6102580310458,539.8914087051942,521.9251301679144,507.9851725186076,502.689816785441,500.80892000183854,486.2119899665102,506.54351958666217,487.1706097006161,500.926821631554,525.5506037230009,532.809480464172,522.6006052766695,500.7529922304351,475.1572258386938,492.24945757912815,490.08869740997426,458.33106599168997,492.1998314776734,504.19105428690267,528.2838328867911,523.9570398789818,555.8377433355436,534.8044948002324,512.7640234059495,540.0874548398747,567.5076493202756,566.1876474315926,539.8433024645055,526.2084545387346,543.9991182011473,568.2185517612386,556.4354393027187,525.7217970298994,537.3226647399941,554.0874576406746,548.7684849511331,554.585317764384,588.7013225910698,565.0444337084624,570.1274127506082,574.7619954853752,572.8391172385097,591.8649777943999,582.9619911184157,574.3915766144817,546.8473234331428,561.0719673836826,535.3194826883116,502.17937522380726,501.3765566382496,506.44772568859094,541.3815099847625,556.2443855966326,580.645708012563,564.4733846269963,565.0974124075941,598.2013358658993,578.5606770096199
173,526.7703614249059,528.5895996670206,509.26692927412506,514.8962338788868,495.16057586480935,460.3724651561112,441.88518623924523,420.40525450410155,411.3697369080619,438.5715201747121,430.72123532661936,454.88436925098875,458.77728066019944,424.31030995577913,402.5218798590042,432.7113430235667,440.003484257407,470.0717643574662,456.7801657787079,471.93953225849987,490.98129345130803,524.280265642846,490.5526194646732,522.2092245233005,514.6205397555921,538.2800081577327,541.4099124332085,545.9353804455441,536.0918326185956,559.0849139450695,542.5658639037179,542.0227609362203,546.2349758499436,563.2114523898678,561.2259259827754,573.8457289015399,568.5235356320862,577.3528404618944,581.2152969864386,584.3724006249815,591.0540927540774,579.8166362637996,555.4823754828969,568.0572343962308,538.2197321832585,518.5465837555414,538.9976107620773,534.4525208651819,534.315612600767,568.4333968946141,549.0880304214261,515.4567228889415,488.2528055551906,470.3679357314487,486.18233743920155,505.4898796781349,510.0741064591229,492.9273543679942,494.4492869848719,460.4963159002473
174,479.08435824188257,487.0851871205243,453.6109448772324,475.8017592315281,494.2416166928766,480.8172788826585,490.2936444269199,497.398151869468,472.4207714153489,450.94892249335453,463.7733520293236,494.1219672682242,499.4618697171369,504.208789906305,514.4765085355737,510.31698954804267,479.10903259313676,471.8643018638656,499.8819565721179,521.2282325995262,551.1478823999208,526.8460933591896,527.2631363519076,533.1941071888137,512.888892888322,491.95680963714983,511.699114922146,523.7287491158005,534.0318766928617,517.7209987516727,518.1948584489771,484.8097551932301,458.9059788752601,460.18353926851546,446.8605985627494,479.4574815455055,477.46141217419625,448.3109031191758,414.55986742704766,430.3279185963847,407.33339025990665,385.4802560902608,380.14676167510777,363.6310029158503,371.79139849808354,370.789874003747,343.5914161071531,363.5232754608145,358.33339526981183,366.09179764106284,331.36776091835054,340.2157632589081,325.01525325107355,324.6212052757731,310.4616475432634,345.1998996682204,326.35886169803405,355.25903380228203,384.51669803037623,378.986743735782
175,335.5211838988754,327.19367218179076,361.4474082992166,369.763144212849,372.8977608602937,340.4120125540536,364.7610246818454,335.62740658834934,303.91547228075603,288.15553830901547,286.46074066304175,314.1309678633498,334.4364837991485,313.2707339145575,304.31630090446686,323.93311942778865,325.82959075062547,303.04402669231104,295.7678908797944,304.5833971954739,337.7091944320923,349.03603827204097,315.16969962823873,329.5202789925157,312.0808155145219,337.4319395094889,329.30423308531863,308.27728572811964,306.0335887838361,288.89744698588646,270.404951180736,275.53327723488053,294.2475161944421,317.69432238563337,310.53121331856073,280.2074767703465,279.0857266629352,274.4504300549222,253.23895643263498,281.1519928665016,314.3423705779498,282.9646737402655,303.66692033028573,313.86707938619344,297.167617457807,306.62854573760393,280.63356915544716,250.49202473627196,285.0656110785386,294.61150117064483,277.3370848879712,273.8394618012348,305.3456345620836,301.05638934916027,329.08750658932433,354.9041504478167,343.9950925741757,357.7157228595729,368.9506181243544,387.9354490677433
176,359.0530824216445,327.7096373165138,304.68238419438956,312.8411423315527,332.09815541436745,350.0215598318592,355.87927078991135,326.81234098995384,293.0225448929607,312.7724679055058,316.22881829879617,336.0186654900017,312.4138577935589,305.93347974753897,335.27532984299705,312.2871892302986,281.59407249717674,292.33678936189915,298.9543332054221,330.59646861546344,359.0492580893048,376.50938540474476,342.8503920562224,341.4774798446816,369.2046154022743,364.5601915702877,396.91039194319734,407.5845505882761,380.24654951627167,380.8955947793395,394.58879427449983,364.1646223312733,353.290089576227,368.48576399000603,344.4807593514984,333.864552230435,347.15827480314135,366.4461379336293,367.74196350140875,399.7219904404094,429.4951505563391,427.63574432988406,403.85495303767664,422.9601625095537,404.9799327870738,428.97742448701115,435.077528367868,427.6640388157103,431.6108739164884,433.90748770854333,463.63878692153753,443.6442004048469,473.6152920834643,440.80916498565415,459.6533946929695,489.0301638427791,481.61381721183614,451.72852030150483,473.0552475060645,497.05578740448595
177,347.7778074356123,349.07933743362577,370.74217219433626,349.18518060184465,358.21348354923356,353.3576297153409,330.56673237313936,353.7675468807065,341.4952051347014,371.90503323055253,376.7304041179387,377.74610281487037,372.3775189102255,365.42448120016684,387.6821204387641,400.10717990279295,419.2654890814325,413.7413802542171,397.0419859834086,368.12255128038134,387.48847057926446,381.55782071550374,382.20347216227157,380.0574986260647,375.2371485719115,388.110118966661,395.72150706976356,428.76527297486496,403.48854651031115,408.6348984366013,378.06170987476327,399.6159991843373,407.7577925119138,402.74430963139145,423.90080545646765,420.7509880508781,401.6960147228194,399.771068000543,369.72929376515674,397.5795714399139,413.74665767132615,431.9687627063781,458.183293987669,478.59337520472485,473.82305652246566,447.1276046292471,438.2631392279138,468.6490692344944,500.08540362069095,518.8363642073566,498.1465050223537,476.75799511484496,503.3420008764954,478.2761154872741,484.1657389005484,475.6433566600831,461.78412721736544,474.20086901475406,506.3707043803897,525.8050660572106
178,404.7417853785905,400.59159095274566,429.12808413531275,434.5955810284755,434.3603126431092,447.1588235103088,428.7595907093757,398.22107483961724,423.0788756735913,430.5871947225533,407.1285918083081,392.9919466633604,427.2872925446276,436.6969468170835,446.22479668478206,416.2762531093926,449.10567450646784,476.6004767755783,479.9452477340037,466.60247188556485,480.4663378725913,503.80254548562215,523.8310441732499,557.2243602166014,566.8042381232874,553.7104511626201,553.5653840774174,575.7075858339606,556.4403884110232,537.6389662571025,553.3773868799555,549.4873067360342,571.6472343993147,545.749986953911,534.2487393743695,518.0157328356765,531.8665032003157,550.0195481331812,546.9397368452401,545.4017931931655,519.6440249884046,533.7719915553182,568.2342259072656,585.1727797940463,561.2898466521781,569.9084384237746,554.1076378274538,521.2199965315936,498.8075964275019,470.9891464859708,449.7044252357444,470.39673473717465,455.89498411930487,473.8877806854627,505.30815952445664,510.5072775792009,509.48590351990475,526.9948058112232,498.79111560373946,493.7659617276814
179,409.5533460741831,432.72693780206953,454.7221740182605,479.1007492077592,492.95185415849835,495.090760661437,518.0423131554737,544.1720822233426,542.8060037094596,576.8023372616735,592.7147074565869,579.3000665934693,548.1593810402018,528.8738246012346,548.2217251575745,521.0025231474824,518.8885277898308,526.2281812371617,552.7124592230978,577.0104296256413,586.3305779145032,571.1728210899746,545.2521896966981,557.1276413657474,534.8178449399405,539.1098587785436,572.7573315509777,572.0100804708056,577.67365559106,581.5165804571766,590.9285893742117,575.0988014533513,569.9002408152205,546.355976544972,554.3835686865972,540.0866291293045,540.6203615515135,559.2793650972063,525.5092584249454,529.9833452858516,507.12449649759986,491.6813302824696,459.11125988855946,435.9736531015726,470.03771063167324,504.93430391562504,520.3236583079004,528.1536381418839,547.5441248588324,575.3029239117938,571.3039175656604,538.5513701011835,553.2090775417871,587.1312526868567,564.4839244296882,561.9265140119652,552.2157220855548,544.5484466816453,560.0464462529202,551.5347535358437
180,577.6119676743161,587.9289125451489,554.2302880809183,576.528709823279,586.7186804359225,576.6556791887386,570.6421527691272,589.4148655797376,573.7787600859846,548.5412424619947,535.4441607614269,519.0083289964512,531.6824610720527,509.20359557491184,519.3376661252083,516.9553524336717,540.7316174924964,539.6815295177191,569.7678049375759,593.5073827354995,566.1954493391286,578.4068168913091,555.5531146179579,578.18441605409,579.3033983070211,560.6847543762835,543.123408363129,538.1938442163091,559.2444522185883,579.9757648513499,546.8122661346591,532.9723712176221,527.5719386605024,533.5626796015994,509.0295702186283,497.49938165565305,524.4911730954101,522.8494990343655,539.9395248574062,538.87402031215,536.4228006601825,544.9575874160278,528.113103269301,510.59925022073844,544.8540200631511,570.6834607154966,583.1333024953349,555.246536816945,522.3622665998786,499.64114189367507,530.2823094092014,552.4225933266306,554.037914200831,586.8525555966174,558.9101092466369,563.0506400470595,540.8761888949691,527.3261912312705,558.1356425586963,583.9151387171041
181,258.6835385396227,241.1516049288884,253.38254855924444,224.19545995957893,241.56082076964233,253.05931534133595,239.80302714814943,236.0640266375436,231.69770988258392,263.693943679404,255.91492352833944,261.8837579463118,247.9939781440578,264.2636009367286,236.36448991083358,223.6798313174824,248.78877031164882,266.35325548581267,249.90334901565902,243.04372071283288,275.5629611887887,247.86608183846067,231.51373847399702,240.00269204215024,235.51619925519952,252.78544516103244,266.812745218917,268.65991109122365,276.44372218941754,271.7831804308417,290.0102881916033,257.9571830408422,244.85957660675388,260.9696924948414,249.0448500461182,225.02978025929855,233.81081172803223,254.7286373512557,228.50583843159038,251.52569505385517,271.5877305141729,281.05878262376183,263.1551660228319,284.5258410264862,264.5368161509788,292.9442828029733,307.40948174291907,276.23987660821325,297.18997491452967,297.64032273972316,294.3257454816368,288.76152897053083,296.225633621395,311.9461286762023,339.6644917769215,323.7706286832273,332.924967786957,345.9689505897261,358.20475037480855,357.71479571961646
182,368.5885683174064,386.9550855121028,372.9557717949589,352.5194931628359,355.72753672604455,339.4602967623969,306.78661815591465,275.396920192676,289.04765703975727,322.16786625920236,318.9960531130276,294.290331903959,316.5561566410137,299.8566694291741,334.5505217414457,338.97901334933994,320.263291748547,319.98362561525107,308.46031464332646,328.0233535672128,300.4304655737767,325.42065576605506,344.1342383645445,369.4297046376486,397.07926686056516,378.1637144665808,379.63412097258424,404.12867638423063,395.54583443235845,364.7743648080527,350.1887697657489,332.12319156898565,358.02757487722295,355.49681933586334,368.3449159571053,400.6932564355163,386.6364061024805,404.9203751293982,371.51386363570873,343.8019959075157,320.13255220774516,307.00183578882076,300.2109408478772,298.602053199135,280.7752474389728,250.41031981168234,264.31700211707016,230.97329686446867,257.2140337994301,287.25487156001424,301.98069551618863,308.6979317254269,319.6892287784312,330.3447720416628,360.5641315663178,393.06554254989555,387.9353574834711,396.13089981386037,417.3273935752524,382.40006457730203
183,420.26604839453194,430.9673921817708,446.1717736634015,436.98703232114116,422.6821417639526,400.4321214237062,404.4792098573941,433.8304501150426,461.548920665726,451.74653556676446,434.79639536243866,455.011962949393,470.7605642264862,471.1343524061107,463.3664705738307,437.032323835993,456.99202507244956,465.2145361231684,456.59625370482956,485.9114120295055,497.0885014783359,527.1352221573982,525.3440943811732,522.1673420656483,552.7740923876339,584.9594923646812,598.0367767208049,593.3058639345567,577.5854886543598,554.6597198711507,546.5005815605987,577.1814059668438,563.2016041631019,581.1718240407496,595.8554646624355,598.8410149736433,598.1079502603747,583.5851627639018,573.8750967417561,599.244527294122,572.0456278884833,548.8514777647559,581.2742386069644,583.3017551576054,576.0277311661085,548.8150070490057,549.7418244801487,580.8373052266576,578.4915239546882,566.3564707730602,569.186125761186,592.5067670755174,596.2966578579429,576.7814070201949,577.181863027811,558.3248379309,554.9008086619933,535.2925932368133,537.4956515674036,542.9724610149299
184,348.37795972969377,332.42624077439916,307.9980332386008,282.76608987303194,297.5683679730202,278.0830282231094,251.34141970056865,286.26656599766886,269.4607211299029,297.18410320987215,304.82711997250635,319.8820316489834,324.1463554539579,301.80313910815573,326.0967491098379,349.0548427639128,338.5328253384315,357.002374087234,360.0151921713439,388.64863201054845,409.8463380018262,377.71604188796834,404.26535994135645,437.06500919985075,454.01594338360803,427.4098905429028,448.9262028315012,459.25043581515223,447.96827804169084,474.8504166251775,479.44008481689957,504.14503998825774,516.0530023891547,501.24912964849966,534.5004383587723,539.4708267145413,540.6436936423935,533.8893676201213,508.43346183555946,521.4683634380908,516.6243072984978,547.0471830233928,579.6039848267156,587.1282292973145,563.7368830218842,578.8554606781619,545.0020304782403,567.8500656748278,565.9965200366424,595.6348156983775,575.5054093469627,556.1628152164134,590.8167589293362,579.263827257221,592.3743185495604,596.2087510062609,581.3207999392284,570.7831589176525,571.2877484119305,590.2991409006561
185,586.5708880083039,567.4712362123198,582.3500328128949,562.3749896782485,570.141702571454,587.3389850515116,594.589823022824,577.7225234420715,563.9011958824002,546.6428087231624,520.9820106524355,511.5262404574927,537.564686789842,531.8813529245866,519.0918745313721,535.8311316524212,515.9220446662368,498.8621208403746,529.3757262240557,500.08700470726086,494.1111873243005,499.4837707919368,480.60202088495924,465.27289478138965,445.80207031379615,434.96506035804106,462.86046321353246,458.07157747354904,452.31960863018924,444.3802702423965,476.8683711280267,450.07933166341377,476.1106111291694,464.0118858701277,495.96769728950244,483.0336045265586,453.834809954501,455.2377418591771,436.1883324108708,453.89761949400713,464.90901277696395,477.96185383153033,456.5061180342749,471.11023657623474,457.90340846485833,492.8105904290633,509.0343268442437,515.3631323628396,541.061376907928,547.3131958882879,551.0056865625752,532.6177787589518,545.0856184317315,536.3107284091939,504.326512356043,526.45083810194,495.0819597673519,507.1429683661887,483.11343077013277,478.3932969300932
186,546.4548302477538,518.064198685744,529.7647461844275,537.6480581584535,563.375140403394,540.4665813960786,561.451706720585,557.960190492478,552.9652643670051,543.2901689257964,535.2803591595106,536.6775330092763,509.15352061391894,503.908131505026,514.5468165591926,514.4202812998747,491.0283441193483,481.4419632447625,477.4492804545776,489.2705174788853,517.3241600565101,520.8504459376574,533.1962149058728,503.5994886866311,535.4121807409625,522.4767890658492,512.2772115440036,492.8762061889095,463.803111212498,484.10638652242756,465.94069224185967,450.7288337160316,428.4545730784707,461.6965426993923,481.3689785089366,511.46195400758563,536.7825897013314,565.2233656694997,563.6487495372387,540.5866501522357,528.4682735572638,513.939879745983,529.139248378078,495.936336419592,470.8792914638504,483.68124988169063,457.3222146477215,425.70264420164955,398.3477057244329,411.69489643744964,386.44766459577863,361.6889698753323,342.80998364846926,360.37373294222584,339.39843680048017,306.87471457117465,335.2851494614905,361.6274391618551,339.56476922460814,323.13875050875
187,291.65187714858354,307.0192948759046,289.5199167691509,319.72139978564604,342.6562714924959,348.844350422373,314.47002615233293,341.3268846014996,357.2701998587784,377.4237176166489,347.45148193668825,362.05069385198624,383.3719570056763,415.3364319366701,420.9693650314406,421.5322946713896,416.31006997012344,430.4002076376485,459.85769896767147,466.840552377794,447.75040728337774,413.9805838050201,422.31850208374703,447.84035424508073,417.45862367521937,410.2886083025136,441.09189312817676,441.2092828381531,421.65535892335464,411.411307747174,404.98107738081046,378.1913433899859,389.4468004593747,395.89830349584804,406.2389049464384,413.9943147540516,380.1613595342354,357.37375900387775,333.963799140088,305.82040318094727,322.3037073048266,295.713312318321,307.4868974598451,284.9742191356024,258.2559316129573,234.63303501608283,245.2336065606491,258.87973954055235,280.7144797445869,254.71383412711106,262.95674069857984,282.12551265736715,268.99387466291904,239.57396521863967,228.5105895643792,223.98377073507268,254.58686651240916,246.21348871118548,252.0359939324941,271.5297742803341
188,361.1694004058751,371.606586229808,341.97417595509864,340.6375712849007,312.3938989168222,294.77378876443817,280.30764669612097,295.5385129682072,307.725806008455,325.0214122336296,294.34426554024304,328.91826039235633,297.72766240204015,320.5300078027809,337.34883314641843,343.7721584808458,339.4921600409949,357.4914247699077,374.28147099872695,348.88395448301327,369.36822759027416,339.8672174107217,339.9054473597191,350.0611752194227,372.57939523568865,369.9971105022024,351.57717593176255,350.923349013725,333.4379167443234,335.44869344625374,332.82426626371,352.4595801262376,334.26588806721463,313.2648509605384,311.45782473022564,279.9931302935852,261.0469742840706,250.80631827720902,252.0891160662072,238.0762707918956,249.7564944089625,276.8830544364074,279.94397673143953,265.02274325298976,234.3614112931518,226.74604167859724,243.42860365812368,259.94815271915706,228.42490876794201,228.05748442721512,233.73883684317244,235.58536938056082,268.4813728291125,247.7453146850821,223.922859002288,233.74034642704015,226.55274824232066,225.25982852930565,236.4038937507278,235.7496975681688
189,254.8561749390366,262.21432608234363,262.3333097037681,232.7302865303595,261.17904094717943,246.10895502204272,278.7489751463933,308.9566794253361,304.3434432606488,285.3431290913323,308.7828189684479,299.07282788201917,275.52137650901005,279.1339166163359,278.39208760542454,302.89333912240147,318.9430357111547,345.27279978972746,361.70200365684366,371.65425090218946,371.66665156158035,405.79538182633166,437.9369195063437,462.3566282138462,481.6289731788331,487.05814168712897,470.2408769239634,496.52160882012095,462.27873826164796,443.1995359372233,436.46080709313617,442.4918079595212,446.75336038474614,424.0604682317161,396.3963422186633,376.95936714963284,366.3689823723867,332.35274052679273,345.8246479652826,328.165568466907,317.7638790252924,306.20699736616535,307.0350834276619,332.2210639742847,307.6783607196726,296.5292586458615,309.97127518708635,278.06747411671694,301.1659785780726,333.49373841289247,341.0283425936318,372.9839285657823,366.89825662600464,360.9504777718642,333.38790143080485,300.86918688078873,282.9844891502061,281.45349514728645,281.9912625076887,262.22153922958904
190,452.86615637134247,430.55056761002965,418.3853474288667,397.08501349211963,410.8514654914293,412.01154106699113,428.5386180020742,397.5459898734897,392.3213354899496,425.00843601864904,393.76180204809447,388.0483103268118,355.87618564670527,331.1419181146613,328.51876972477487,304.5447075626586,305.8575873101276,335.4488051040325,314.47733417785236,286.9803898577062,309.7497491965128,306.9686385154757,333.75141543456533,320.18004606114243,329.10728642423874,358.73923522535523,335.75794118670865,356.80894033808687,366.0151128272458,387.92138495113954,364.8699190978571,360.255972021448,334.2745780148347,366.4803255738102,335.8687461810196,305.4525840406268,333.32351749334595,319.3768678629832,326.1682701622837,311.29155718579517,321.7046434797224,300.1774993286243,297.29836139222715,299.6428136268548,287.9978159469539,270.6168587357805,245.43132547276568,262.67323821817405,239.45302833778368,235.9071666575825,237.1510706287333,243.6957149206381,261.2377721009542,256.1939315267136,282.1704850271974,294.7554802906103,318.4495504197229,333.5943277128888,308.9985537014858,342.4534648319721
191,518.902780991979,523.9933047963598,500.5594706480286,477.64711604855677,485.6502982887667,479.78409759890746,492.09426263496766,483.1642033779468,484.0633653799085,462.22042803738583,438.08450813795366,408.379641596848,430.75439293974665,434.63143055032293,465.9313033437893,483.39534303894226,502.20876425640677,502.84285465019786,524.9246302069935,555.8690713789606,571.3908890424412,543.1073076992136,553.678697846959,527.1090227038354,497.51459227314217,511.01762063125784,534.4526008659406,510.57150521699623,480.7619077746194,507.8185103680625,482.07316395742333,449.5291905194849,465.00299633313915,489.34308511981317,490.356219022309,493.1509861088742,481.73122199979065,463.42364592042696,481.289890832718,505.739799401191,493.2269324727548,477.3942754140504,461.13969578220394,429.68137504376887,414.3566267825955,381.15219097042586,401.340724543212,384.2556025753792,397.5664658299747,400.5896528178136,424.2121069162175,456.438617845209,447.1490308342506,418.3328882265252,435.8080917335398,402.29925456748265,382.9066879815199,351.6342347746396,379.50462078802667,344.8754165071367
192,407.2420227057881,401.9219616069167,412.61408812528646,397.8961743251339,424.054852357996,440.45905426869354,435.71966408814984,425.7815015540277,447.8936788788586,465.8878997763626,458.81790383804594,447.7139342207548,415.4360934971328,386.15560067794297,354.9298925667394,321.63897661110127,297.3400433609559,322.33997059859615,343.21112235150673,367.4012916994805,376.06731699926354,384.75173408611045,358.42695634482163,372.3545310997887,356.95637986072177,358.30411294575583,390.1346952118158,416.07777281410574,397.4013183248112,413.96686142383174,386.2532139209765,353.1251879230588,320.097387157789,297.01464105304984,310.66102919961537,301.0924417416767,267.2084124693451,301.369996665724,303.7064848919635,296.27809994975576,297.59759260317395,298.99555629327244,296.912116689782,304.81854000232994,331.81240339311137,317.9323618385074,317.02016543772476,282.27524517149857,307.46224486377275,293.87551708769087,277.86629997067666,312.69390181544907,318.6014075276122,292.2144347574815,275.8011826500315,265.5270438286733,299.55124717961905,294.69476463365913,275.8041438141558,280.685311533053
193,373.808670061664,342.6558972315949,367.9202701033977,334.01839701322893,361.9122515154123,382.3423607675385,352.64998547750724,368.302760924421,387.2686786741733,394.4301738141812,399.8671298251098,368.345221662468,337.5099676900628,353.4201731785616,325.8097357028853,307.7388227523387,307.6573843199738,284.14884147286153,304.43761071136333,325.95407237589956,349.904097164162,318.37386561839133,313.32498690474506,337.60922399474856,328.0345813162175,341.7420077988291,347.98922109212975,337.29382426163227,321.64216229796193,332.3341787449204,306.6878683351232,331.8964446712663,337.2474855469155,310.0527309057243,324.29966606925973,319.47754456102905,298.76324363645136,331.038094141192,346.41343909220177,352.9229927251615,377.34369539931686,380.41458069106756,376.31752355437084,354.5788037446204,330.3161335028929,325.55398564892226,322.4722061808484,338.80408154699927,334.7500322495806,341.2711762891599,364.5474729744971,399.08090166023504,386.6576737208248,414.7944861818106,436.2180472115625,405.9785155339312,394.3696406937036,374.70264788211045,386.2095469517203,390.0804864869585
194,408.0433999840304,426.4928634505608,414.8244721573996,406.6171328461282,432.21150922190964,465.2661048701101,484.61111872385834,464.8060869582642,437.6917012097335,417.3360615533396,411.92935710494237,393.498149047277,421.57102941231784,433.5216325360387,427.69267967084966,411.8595009711589,403.50577133102644,401.82931300669753,416.79687765899854,388.05078673502004,412.46909252024625,386.39829469935887,369.7698004374295,404.3210931415104,382.63569752460796,354.7156506696522,364.4040218039681,356.92305739355385,328.35153779234946,293.6135077767826,264.15481812348605,265.7463086375195,246.90881479668548,268.1373310783194,293.1629353933414,268.301246633412,256.8926375848249,232.15282636759872,233.518371272857,231.60580879904816,256.67247512376053,245.85605258474516,250.15811745152425,263.90973643241585,286.4677018730689,272.5523381956405,252.19778493492186,285.7498993784955,273.1602275038203,285.1349944464816,297.5838672939279,298.56592848589577,279.5572496698148,254.4592691366071,253.82778548348432,255.16614854994668,274.3018215241825,288.9901626008361,317.83305211934675,350.79329145148097
195,496.5835039558255,466.93929137394326,460.29757301914043,467.9137389079882,474.2273939094852,451.9284589176271,457.7345899791881,447.2122255308892,435.93710466994935,459.3175950410359,453.85291614781124,455.77063293232294,460.1717332047365,464.5815077943496,444.50001375918566,451.46174917961616,439.88540180570453,450.73682242743644,425.93565435503734,460.5237459793942,479.5667763811319,473.7743767250334,459.8690062855332,452.0151487227824,467.4997278169536,478.3782737878732,492.52474962791433,519.7546933095222,516.6953591512508,528.5618395425873,524.4673963897781,534.1342618581695,532.3719164455757,551.7383703592283,517.1065789890896,497.20634589437435,482.9569796558015,514.1345950933796,514.6278300010639,505.13246160093377,498.4343096938908,495.0618695341683,520.8099968421462,553.1735074397559,577.265032221572,590.858058338061,564.6429717557013,548.4504367790591,555.173879418126,566.1034983590177,545.0691894532816,562.3089205455378,541.3063692499089,524.7171145111679,511.1928021698806,535.4122013242029,551.6580741051647,553.8060546058574,576.1885054753001,588.9980306424707
196,368.1365764605149,387.8371865846343,367.27418062475033,367.500200121636,340.77712124884295,335.652735240231,337.0783391239343,307.6726241780592,305.0555174992817,315.672455506491,323.65863193862265,292.4634040909966,264.1371821045707,253.73211932143056,277.91957565793575,303.8024993796511,290.47540025920597,305.79784622610794,311.2151876907229,345.0547458038832,316.6798196641616,320.0314716209794,326.5091070419672,313.0459070085453,281.33263433294826,249.9799518310961,249.476079311673,264.6479949694409,278.6602999756598,256.3281894561875,281.38623932659254,272.7876091444747,305.29336228254397,278.56453669233855,302.1163655968223,330.70003632400363,353.28732315406484,374.9062030380427,365.1979041163888,380.13192158685695,385.68618120764796,380.39972040783323,414.91753913159084,400.2493694017492,394.1694509548941,422.36972356856234,407.6003031053015,383.28798305429916,369.9879655311631,388.13978292828847,413.3295636074471,386.34071274101234,394.8606004162502,399.5706838078822,411.3865287938177,423.36047477269346,455.52319769135045,444.7802422812222,430.7639268027267,436.44969681025447
197,383.17901451069145,381.34181357257194,351.19120311788646,326.56815550463796,357.0444010661383,326.8248026830468,333.1349941706903,350.9552462019426,316.7856931928005,297.37806354813745,288.77310570759454,289.2503270024013,278.16199763529755,288.59194570573106,269.43977191328094,236.22357746331227,220.08047484328765,232.12072544325284,237.0418134638704,269.36707852808996,237.5017284045065,247.82933182393566,256.3036244541712,270.2528752870116,279.9642972968578,245.5340618575338,258.2489114872985,245.8160672662798,267.00285074134774,245.1884277708467,263.1072921531006,271.8919655113349,282.5523274842581,259.8686655803869,271.71084567365926,288.2993342785933,287.5580525652397,276.38365037436785,253.04248982454016,239.7296360793659,261.8040483041245,255.4620990223624,269.65202596189044,286.45841871178453,298.6503344004848,310.79802405829116,318.55459836111476,319.8441368710747,298.6913049519936,322.6875420365231,355.18603411065476,352.8399187026664,383.16663161459235,418.0262492552222,417.0599631362296,432.7648392987274,442.830162976264,424.43870009631627,392.7349611591186,389.4698329413306
198,519.1378990105834,506.89732539886217,526.8080358823851,537.644153619792,551.3320482470231,536.3339104334403,534.2372272324536,511.95649323421884,494.2171301997997,465.50663321626877,439.3807716570033,419.1167152077119,424.7331100040205,420.61788837235525,404.3036542519446,429.5815255347828,431.34186392872186,460.9595270832274,470.4070744426571,436.5122061996673,465.4555045707659,490.4779380684238,499.94692366308675,502.381072564244,499.085897696545,497.83813690022316,516.6835817591876,517.6034939242957,494.92522283346653,463.99765253557604,437.8306918756319,420.4315694942489,411.17295799502836,438.64207884729296,420.3781851012697,407.75008416144715,388.3611019283213,391.56302923775064,399.7590979783647,402.00802521116594,433.63799079635174,468.3144520321404,491.93217131852987,513.302901460851,503.9265958333236,509.5114412646634,499.1145105910854,519.0194198232472,496.0475995596757,476.2146195603007,443.9232045212223,451.5489816548818,464.7466597701088,429.98201980630535,430.73702328590286,422.118240980187,442.5848957075008,410.3072479274058,378.7068461446713,387.12148305548294
199,444.8227647403103,467.999066350171,474.45774859118626,505.9137065925913,492.92063154900086,485.7751299973369,519.2123566525411,491.73905368856555,512.4523934123051,478.26220343853595,477.3181308967706,453.0562945125778,459.97661377354234,480.8485116530903,448.1614728176384,424.6255636790606,413.60829036039377,396.51421797029093,388.3396102567288,419.9703912439504,392.05482016476725,386.6845677713713,383.6809637839021,368.3049074119435,352.80036645007334,367.8330177725258,376.0820867580946,397.9803281394153,391.335453712879,398.8052256014561,426.35639544923697,450.94938846938396,480.3510259443811,464.1792775213568,498.1587604386052,520.3060545216043,540.9426009444956,552.6731030116017,586.5018611476463,572.916855893538,583.9539474117084,584.6255051676623,586.5041140022918,587.9470659615331,561.9226903239086,551.3562932030767,543.81407291089,561.1740598894874,576.3114181898386,590.2204989036388,590.529993398891,582.0356239498227,554.4479082157968,563.9297763620624,591.0239262166859,584.3082094766488,594.7091167812888,599.9618452643435,577.5476286864155,584.1023367733773
200,425.18428038819206,422.0323064377637,403.823001946236,386.03702366595115,363.9850837391491,373.188929194075,348.1326459590922,343.32969884628574,344.96302559533933,340.63943899856724,365.4845049417414,361.50636012731167,332.30460663481284,366.75857451689814,390.907425891113,402.110469869533,420.0531233261355,394.0264723089746,412.6405078961968,392.1829338160435,391.4112628862218,368.87005813892165,386.6350056421751,368.8503772780464,351.57496657246486,324.2205310262858,339.66298301375684,325.37210716841827,326.65170809255596,314.9087571082487,334.13784522580505,314.9917011803851,345.8501161836325,333.34391442591203,305.61352791626456,287.4348942133098,257.6107592480121,255.4224704174818,237.94005586812463,266.9073270946426,268.1063305100528,249.44212192110288,249.08081761911055,232.55947320742087,228.5002749656802,233.07863912101564,225.20698704090358,227.58494907187455,259.94667831354127,271.6228627423636,301.1000491843722,284.0793350871171,309.07026859318177,299.42936507296065,274.5230137515346,295.8525107518284,265.0280199822209,258.36771870766853,280.7197455034836,288.92269028473925
201,416.8649642518834,406.6193387571341,376.8732468842955,411.2412859068084,388.4754467775618,371.34704002588484,352.86114340050807,381.4170418685073,399.8752293591544,396.888315319908,428.7679276965381,397.46276435158904,425.0196910371047,394.2496045352758,386.62875325069524,355.40909473704954,390.3369241600875,419.3441893351296,425.2801162023658,405.52923638224297,389.90367714606583,386.3717127700643,373.9663255445285,340.4582989249744,351.3962194931738,359.3361727797049,387.63792200502377,386.0177048124053,375.1473321382925,375.9535349425362,354.58218430524494,363.37000893298,382.2723107282913,358.01463066458973,345.3014558990628,371.0475244547107,371.43474685907825,373.6633121265065,389.23188592024115,394.68438298573403,364.5549667509014,385.8322865813139,415.43080918870663,384.1602154980635,357.6476984500921,371.78596260461575,379.09913788063255,370.8753278086548,373.6227332344808,387.8564329945549,388.16978532621994,362.9829680507154,334.2434900900457,329.9636015532324,359.5655346026508,363.6100768322454,353.68548166349484,382.29491352996735,374.499164462493,375.13941812789926
202,264.26974563891406,280.8878118252708,294.90901882533086,315.5060983254839,303.26949026542735,298.79321560006076,275.57713540696466,308.0924767337196,279.1178910522714,289.5488223095079,303.91683992907093,279.9583930846395,270.5310174927738,238.54987716614764,249.8063038234281,284.4782635693451,279.5702105468962,313.8707859730017,287.7065656396291,280.1783696683748,308.31591757176784,334.6846012877909,322.3360117386758,334.838752602459,361.8699646115044,380.5513872422303,389.54472102753454,365.22501404673613,335.3352025266756,343.35875511383483,343.3780517120724,325.0406178932763,310.534503540408,302.98060594450675,302.66706559308216,294.985193429271,287.0956104752887,260.1969072670834,285.78823654495744,293.429022269424,268.65617519156484,263.32738339302034,257.49749723508853,264.54095872932714,272.16183197878036,282.3273815673637,296.1805955814302,268.4153788104614,254.75993285055824,221.21018270058926,236.46265221570283,242.09961074634228,261.9297818738047,238.62796813635498,253.86576462501168,241.1207304465146,241.4334315358782,260.5918259022961,230.60018930244635,235.63096462490046
203,368.7028274530677,383.8052792826845,362.75098833763354,394.06989789596594,428.913234591557,451.23694444896086,437.2168195514078,448.6874853365076,419.50784755536296,445.4973996548187,446.61690064303787,423.96764228542287,411.88680145474206,432.9387935689003,458.8546672887935,460.2346043742032,458.8564093959503,476.40784165467846,499.2411152309773,517.7803920986847,509.6903556150793,519.6251589277316,544.6403525066966,520.263596890016,512.4331648480634,481.3964867193319,475.0178967174499,494.0776425917553,472.86963363154644,475.8017342102533,443.3627355497812,471.19823490099725,493.5985635440288,495.30720696912346,509.7122966871599,481.98642822798,506.15109297579596,521.21940015082,494.61711792157564,528.26536787989,494.8424989743413,503.8382593558355,480.86110912769266,496.20914457306026,466.13758235087477,436.8146441498929,434.4550659893122,469.0357285674461,453.3918653513917,461.2688366043483,462.5707718105448,486.5191444860754,471.72041702543663,475.56652367524066,507.1101697326033,495.3911763161273,491.14956700783995,518.366499023097,506.6414190295091,498.28858255387615
204,335.56514737352535,357.23234364628047,387.3594315769251,396.5363532236085,405.19046241178415,397.4907157917064,363.3645782617112,340.54021017936134,315.8608950006778,288.97263519759036,299.75594732132805,274.3003739874939,245.29475066506427,243.0676565472119,234.46016246569204,227.21428628448524,226.168683972973,230.54765177461186,244.4522460775347,265.0704861669214,289.7648511945712,307.3641006762907,316.3390288555827,344.87274928194654,346.25432547334407,355.58930433310246,349.40274285633325,337.31963691798546,325.5394614802732,300.9216712001337,321.6835067473033,290.55927265065134,302.78723971416775,328.2994532127603,328.119437501736,298.0334922306445,293.0227145452269,282.0485767469914,316.0363290979515,329.4248932112776,344.920079549302,346.02796387665813,360.6869616876049,376.2669300581567,345.912051710384,326.4945084237929,292.40223730381496,293.088755718815,319.3947455573368,327.0635629860098,327.07808993254946,356.89569926529424,333.950995036817,304.173296607855,333.38469815653525,361.57942100085216,374.3874950357586,356.6060363824822,389.4895181117882,408.0637627380561
205,476.07994176217426,456.6837344432556,457.5999764575737,480.18031334836365,505.39852907962364,509.69863718571236,511.29420624606087,525.1320742275957,527.1094933294688,521.3471659940651,492.3264967937723,466.1499740938629,484.3692568679096,451.0957413916084,419.757093197441,448.0821436634902,462.3619416053182,427.6568321393084,414.4998683441495,432.9321605858376,427.1642165842455,424.9800641843133,422.0959984575372,401.24540668567005,416.7428073385483,388.9532504750442,389.4608278633111,366.35773578546645,334.6150324558674,309.64210436716917,335.4955499089911,312.8258864436234,297.31173107448797,271.9783662499164,288.4665233659595,284.64796507391463,315.7024177790696,327.2051385364228,329.4023839704968,340.36654918446857,308.1963260091451,339.7425442181534,371.69261694736076,356.02240774624784,365.0030915382672,344.13715862805844,347.46018425009055,366.4154309887981,397.2029517251756,385.9481363537726,399.4935047667659,414.64340277106845,395.1238188526003,404.15606805713776,415.0355583002821,433.5208857445045,468.51719376632184,436.33345962617545,415.4948126836045,390.6503029179863
206,278.68493991986696,275.4823461634045,301.9799051263101,298.39053396105294,310.1841618094619,301.53910178657725,288.91553385835533,312.31199679638826,323.2003225046776,312.7629926704551,341.75421095775664,341.65002051599174,319.8292528269419,318.65478319967957,330.8837438550229,321.58162510295426,345.6465566422318,347.9666352846589,345.71016988007153,370.8199695085318,368.22421596116254,362.2329258907197,334.4930735640644,324.86750508405197,317.66088612346766,295.3044484691819,301.45207258910364,276.521017527628,257.17930272990037,261.45574173066024,245.28459126139182,258.562142618953,271.8980619234023,257.9883906658678,229.1055283706382,241.58753174300227,225.25689229582045,240.74178733807,260.4806805170646,268.9037659200209,265.2825008048621,296.4925991576904,268.6149054734423,295.2150109572775,316.22403204216175,310.6057326676827,286.30643470073267,262.21710970516756,291.7435129571634,273.10283945664156,299.29093901578955,299.5216044109098,296.84302898182546,305.2088177126929,285.2615535152192,280.2475006993978,310.9414114157429,292.61939644425536,322.130245565838,356.7249243284805
207,239.7247314686888,249.07957979188026,231.0101085245067,248.60514038779965,282.93999874139655,310.72166142067096,340.4610537331157,320.39554066496265,323.3579125872138,304.7960837348603,332.7558132652959,311.1365927804932,286.91371664913714,252.76510086911847,232.32971509169016,228.98142147661306,223.4081285978657,253.32831188954648,273.2959335457516,256.1096383600596,275.9376775918438,270.4891958676197,289.7756175219926,277.3861531504548,281.9119490046062,273.62468694139795,251.7619941330408,259.09801916585735,276.65617516430694,294.37367388589735,284.3139331682444,285.62375695665236,304.0882588576084,272.9030904741898,242.93527380525003,241.7965674520437,232.69241986145792,237.8677752638131,224.9565167563089,243.65457879754658,259.4006564403497,279.8294919929231,290.366097658196,283.1127953086213,313.55777104587133,329.4010121678307,331.338699375705,310.81822795919646,321.24647703073157,327.6669137867485,340.5000137123768,360.1787472839579,389.23222061243354,420.6661820075037,429.77916715629544,462.3960896590295,491.19565758906924,456.37866258013474,466.0118852173553,443.50474390573976
208,332.1732086942294,317.9982226757206,316.81729745031816,282.5779299098538,264.0836784715798,231.12214545876836,250.00515679755043,277.80827849104156,312.6534846792768,309.0524671040236,292.2623448246143,316.97959659576276,289.9006928235959,323.0974214975257,338.1360433277999,338.4114699035189,310.1770075162152,276.4507230158992,279.5679768396349,273.53751236043644,297.524026965779,307.48541054431956,302.71815479901824,283.5386490061018,282.16820362294226,258.5778031379732,270.26868951109617,277.66972458369935,299.37472035253353,295.8417694094929,280.3471667214199,303.89484186792276,317.2646375701147,331.7342790542692,333.7001990527134,360.0187020947945,340.963547617802,334.08198939250644,354.8182694090441,329.1255325468518,350.6931970579868,340.37486250914566,314.1601214412714,284.7005854287374,308.7125957414988,328.21568393529327,313.3785781125594,286.5239313591829,268.83034118182314,248.73947568038045,266.72458288340033,246.81399878838457,233.35791376271567,221.56041956866352,241.82144062821772,259.14881049529066,269.89314332165657,274.6950842525821,307.32033067144056,305.41202652383674
209,546.8518730860692,557.0725668124829,527.9639026606314,549.6700949289577,555.577292847245,566.3240890000254,543.7013723286827,539.3256789186478,565.9664521248477,545.838431706573,510.8471751641766,493.87278501239985,493.0007564547487,515.4902194858831,525.5205825260177,554.85502535302,551.7445355669726,544.1016011739652,525.3008763356651,505.5652502534024,522.0929430439667,492.7180816571383,474.7080325954489,501.720700763258,507.1051580302337,475.366290665017,489.664144048102,490.13190979082015,514.9484307156812,527.7188017935696,493.03006295201476,472.4317990542592,455.48925809380535,469.64551833512087,470.29751077202747,487.6188355684089,488.51953948325126,476.43646223201335,448.6927075016216,427.87625440843317,420.9308600326309,424.53266160535543,455.237279828699,437.01769222335406,448.64363798462193,424.3218517891531,439.2845703237165,405.078431723795,415.9928282188681,392.41806418888484,370.04077543554246,374.1643097675629,365.44311798117275,363.4344785197313,350.05670029866934,381.7993937656521,367.1453207713843,370.08864050286934,394.89352939072853,406.386186248986
210,342.65523985305384,346.3258076887312,317.1351865250221,320.33323471456055,315.5304708993085,333.5858303944496,357.93902941383783,336.91218592915857,307.619699311412,299.9586879985505,302.3492165725888,293.72535295464036,302.72463492450595,303.1202245048412,333.68404693139746,327.34142556376895,298.1160176701697,284.2514691500731,291.66403951550024,274.5857964179963,258.41498804439067,247.18506192595524,266.39887278918707,297.2081991897644,286.734563559109,265.41872634234346,259.86331299404065,249.49209150261447,283.8487773514999,281.3195554477594,293.8693901445899,322.83455480972964,331.8688652252015,314.32535846959127,321.8440651429209,314.97540866747903,309.5398995281955,343.0926202241239,327.59399117576356,325.4194514292453,301.61014462818935,279.10823853617353,286.3521482221819,303.9232477928719,313.4754389460511,301.525318799259,270.6985908788104,268.61706122921885,268.9159369457963,287.8615495029836,297.68181886342046,323.6699227954895,343.47872430414594,334.0901691709122,343.34566881764107,360.6557258794999,392.63735172159204,387.20200310514923,397.58174256692877,390.06821103664316
211,500.37470797051907,529.2142299622581,558.5600510626283,534.556177279754,513.8429391132155,531.6880006685014,540.8586926844696,569.2162027643164,554.8591951373521,579.2206519175905,582.361223454641,557.6498044893547,531.5044103190494,545.6950624596519,521.7873683503507,542.390401132371,546.3870539412833,544.7677483136786,529.054780828178,562.9239724729182,578.475670236655,587.4551964058734,589.0034064823808,580.8661335937305,596.7356651664586,584.0752066549148,575.5584206063676,556.8282016005127,541.5497159894298,558.1315894081729,546.5653089229453,562.5750610832127,594.2645342002505,577.1599272667272,547.7892495296983,559.4475032227588,525.1141154414428,545.2043619305035,547.0000801232138,546.2813344038196,551.1422856442578,552.2908837196878,539.9552927454095,524.6609164229563,518.731738666629,546.3753884007186,520.8513205858676,508.5848423539284,487.04587231038676,481.9454606820035,456.2903500206255,474.5460429937818,446.78876047470203,458.35710702791096,442.0968297687426,440.15012954877903,419.1492868690069,435.26494443230723,466.6442636810899,447.1664337985996
212,582.1982189308748,564.3732549594027,568.4225566530358,580.1326218742352,556.065968380482,552.1994440007659,521.9473676472494,535.7411319692108,529.9042603499242,557.3193776346956,541.4988098348152,571.1509025374901,545.1561693267423,552.6438219477142,539.1903945387667,516.9151073054968,488.4907093258384,499.38568844384673,480.7074437719939,485.80445261696724,519.3637632154366,506.48109063500385,473.92719007517485,448.9247730829243,422.2773137417062,419.70716064607274,436.83270052231666,422.58380752704676,397.79280148611576,407.64647512914064,393.7290897485876,398.99101420044394,429.3560733775366,414.7503602223934,415.6247732364322,437.1016071906173,450.52187506545124,468.12534729999425,487.2052035399213,489.9993249633043,492.52367251646285,507.8459431478542,521.6813220558031,533.585358537881,525.3347869878675,548.3327721802088,529.8669744361711,505.7682120808609,494.92956741896,477.69775424730693,489.12053010152783,470.2917796820251,481.2460683665859,482.1716640054411,457.8431687707092,440.9309072591808,442.4517821604064,458.7691534350653,451.6467685272926,432.94505347975536
213,332.12971945563976,303.78792270477754,270.5483877810939,303.66743962087367,275.4161350264877,249.15824918423323,275.8795308010574,287.3248973014055,282.8499744885783,293.28161288938776,323.7305505365165,295.6869623370159,277.7467342392892,302.967762482241,322.6125166533185,357.21048716232184,344.1841042173753,375.32615201707347,364.38437020772375,379.44089359070824,406.2328999242193,383.1876465923046,362.5823524447686,368.24945780703285,392.31719170951885,362.84365917506665,387.4053158579799,376.4237529261366,369.85961590421175,358.6498926023407,387.4534859248788,361.60908878567756,366.80830246802157,342.17586811182696,372.1774922184659,393.03268416595927,374.40003336423473,360.2445121304055,351.95058508779294,345.3298223584735,367.54382246271734,372.0611573343607,367.01760937678165,382.3787353623263,379.4292767063928,353.4060778883281,325.9303207871951,313.74728837285716,320.9482050059192,295.3870979412956,298.89648989011414,282.7691650267255,296.4481041193059,263.42649320165185,261.25813340529197,229.91662383628827,234.84529341701008,220.77634763699174,236.78264033451802,259.7181068482648
214,258.0836143434589,274.5492027830408,280.442871479504,280.7652405990254,287.7290689586423,276.241868179686,290.9656369434662,310.54224587792027,330.0179164690017,313.8801017265599,324.6535924048495,300.0202932070189,299.69966615875757,264.8837143629238,243.43478749350768,256.9152488110773,283.1205541752963,251.552535076318,257.17310429315745,266.7473557005096,297.0147243833019,307.8747900084488,280.0870791814005,255.35917615951413,264.862665181604,244.95604255503025,275.65752255581026,305.1056266108223,336.51153682182724,322.0182193686808,337.2047129259029,348.6156864113424,316.10795110498645,299.697506449226,279.1711775267888,270.1277796484726,301.84153980663837,326.03365453372203,311.5733759295014,313.67558310645404,292.13421161752035,276.554591078236,246.10481850927792,259.26635361140546,270.2508078261485,293.9459212823896,319.9545482222974,296.15870616585795,313.171572397267,287.6011066951803,278.76115751738706,279.84871752653254,248.31161151262785,229.92496320464346,232.1798808162389,226.0174319111665,258.31423024369775,243.4965734097959,249.31682506385528,284.09391825080866
215,435.3242172338727,429.1289214833186,459.21438989801857,439.7892327736812,417.3542846323908,419.82979046524565,414.74091211344296,435.5299375255255,403.4706404168312,411.7114481256166,426.4589881284679,459.49316138614563,434.6965854029341,416.9336107125968,447.2046369224438,456.34865610627486,424.0120883977607,394.42616855566524,414.407007799602,419.1302226915511,423.7093064048723,450.29990143666225,432.17675579264824,408.40692452018965,416.3733408537353,443.1429576895071,426.71050281624036,439.401108351635,415.0676405817142,392.10124928975466,420.2069533401463,393.4645029835926,360.1686905494562,379.41452191721106,369.7901903139737,362.5562889681229,383.54631711169657,361.14182252211094,371.6647084285834,358.6116914472178,330.91048369249694,344.0352071204031,331.3416965389686,357.00398383857356,386.3364793548066,410.7701026892733,398.33472500975563,379.89550871493157,407.3915536834775,404.0978425548298,418.6396232038909,441.5411173026353,425.9791831433829,399.3160030988182,408.0539325328482,414.3673904362739,398.2813955223742,404.2108660193482,424.5358738328322,414.0366425969211
216,312.0807331917174,327.83081814438634,347.841859312112,379.6421199629364,354.9731275671594,382.22161469933303,400.7785314826262,414.91152503778835,401.82527908111484,368.37878566428566,368.9073202526466,353.9111766066468,339.19864793151515,369.0983483350009,344.8061707787255,375.2024373500643,375.46890705081614,399.1484563750817,383.99958637601543,393.3740328619469,397.3352205625861,427.02684682183445,404.57773670080394,383.8976289827775,415.32513694452564,387.182660399553,396.6104332326328,365.84992115770046,336.2392777261427,343.0396897292632,346.63544708004736,351.74728099279884,349.90292775129484,366.8680815920072,401.32127913755005,385.6259663848749,373.2667430969213,360.8802110609463,379.30903730235593,368.6701223810169,381.0417171118024,377.25384610263745,384.80017279424834,407.83124889059127,408.81535701938566,407.07748107865507,390.7657019310263,391.87902265841115,375.2478817620834,399.29779616234055,391.5182780426514,365.55581227109815,347.35353922594334,349.77424194865125,378.9143680567339,364.9536729569685,348.4607072439203,341.9198956806298,374.66270916108004,398.82808637337484
217,276.8738214083828,284.8365515054013,305.2670457394837,324.0277696354003,323.2469540582234,339.4751510554064,345.3262137969152,324.4273625965694,293.35111744112504,284.2160950446486,253.5518251809764,247.0788898097274,271.4558882041081,295.55647859235876,262.94165308616,232.80913581182458,252.0257665665212,253.51279581076113,230.23296106376074,256.43648983458183,236.59122122403136,224.03181548749959,249.25462432088338,259.07490603974793,251.68589775094057,266.195068794906,294.9917170032902,262.38448799695556,271.322048634229,251.5937594253182,251.5746159199958,248.22638081273658,244.6570029877305,231.35607444119557,257.2077002040645,248.77414114900353,276.58017957183125,266.40695867808563,290.18689280562637,293.2995360123545,285.29330245253993,299.57555747439966,319.6413811966392,318.42973651585294,313.2091665027005,318.628494428763,324.5899309241633,319.37347603399144,337.4098775249761,330.39037886774264,327.1002628695171,334.472538569083,368.5519617042295,351.7999894752167,333.03668546902344,310.4187941249322,323.67988912650156,320.1165137457901,312.3189575509893,291.6052837414101
218,558.6325834132685,554.6546958788356,562.1932276828786,535.0702981633556,507.6283533312986,477.34317124777834,468.0573969064589,466.1594590598927,448.2799295213393,437.75735493275096,403.1955573144148,392.77174988271247,366.1137433208718,340.10065680704406,305.4160836362443,319.1627232608018,349.3525874442587,357.86077670390966,329.59492033886335,363.8703817963386,397.16134375769457,394.9377612537188,367.4886065421595,382.9403582174638,415.2431325313044,434.7521048210129,443.44630464098157,451.204537806957,484.658805801351,454.77715937873484,430.24608075007865,453.40288188185633,428.5607975042395,420.39155158927156,405.0964995131041,387.13762966393165,353.9381662415215,358.5757546889583,351.66252114730054,355.27383603189134,341.5894104867166,372.491670340515,378.8859737974219,411.17046705468056,400.6708838527867,365.83115146702926,385.5197410144001,408.43626083364506,377.5454986376686,386.3213446300309,397.5925953228393,372.7939660161689,376.4706847158496,358.49460636344566,324.64622558776176,350.33000191409,349.7486638999425,369.4676009636923,385.07011321972993,419.62948149074697
219,386.4222934824534,381.35083595545586,366.0737256490378,374.8340305872628,373.86190562613274,389.8751841760496,379.8310030669495,353.9901349796023,379.3606166279641,402.323902565492,391.8939156635941,405.21853588943407,404.6867393287269,422.9547861279039,415.26405193441974,417.7587984118058,386.8059256963381,364.04962440750376,383.77321695176096,375.4828007038624,342.9401803999337,319.67472039976997,313.486582645763,328.74050013693704,319.1844530634432,336.347455869964,361.4116969806198,350.29125997501967,371.31754993482946,345.1991965499427,339.26904330495887,311.09841104467034,279.77537026030467,249.29228668428595,226.73474735589267,254.8788102725535,257.99151057192626,289.308683716317,291.9687048081929,300.97849806991997,278.8923753497545,281.7330467941141,273.704225210347,303.90469916017287,334.2791842648983,313.1740871400551,321.58324761574073,331.2555538237092,335.63300938577044,309.3360889454309,320.1171612642912,341.05313120898523,330.2189535787044,331.23757271479536,304.3805289592448,334.5287387633368,307.19638848539915,286.7827859521764,272.67627925817885,295.4815960009204
220,486.24924979089485,451.740260451112,429.58956875227074,447.1001512957039,440.36856566576074,407.2035129384689,439.67769442087064,415.26399832670995,415.9966631299879,398.37878996512694,415.0016423809021,434.3724693142123,427.1778975609548,438.2693710630871,466.9045219813411,488.9411602758235,482.9840005109675,478.88732428373214,505.9688034656236,473.37489949546756,439.9717095574354,419.37738346698694,442.310898594961,418.03582172816505,403.00537167454974,412.04017998436206,389.9371766886587,376.15532057570886,373.83921147433233,354.806861338088,389.27581921654337,365.7170404290321,390.21263777344984,388.1196259783602,362.1582835587734,335.45231456015404,335.47303848371394,325.2194504865586,306.6416114244682,338.7673510260706,336.203932870394,366.2207015664569,342.70068239099425,320.5433070970951,327.2652454630667,311.1565404462443,289.1021903390326,260.73016731796434,231.06911423946582,254.69780038916517,239.66615065286229,273.4864088363611,251.30488775989983,243.50154534670372,241.93273360351583,248.4750657099404,275.26366899290184,298.69758369039494,264.3945268508606,258.042381537939
221,534.6159577954211,499.6298043432908,501.9845743985678,485.14786789189196,479.04166633883904,473.4629953303556,465.88580618058165,493.32231473537007,495.87476736323754,524.1370380311964,540.009006543691,529.5874115118714,529.1368692202983,521.4269668946687,544.4271663686911,522.5590132066586,553.1078729649672,558.7375875626013,566.5606443403672,566.9301991776081,569.6746639267736,578.2907848924261,580.4373200769853,557.1217591434425,562.8925704045578,552.7164212527488,562.3085426589503,565.6569632777046,543.1165155193895,559.547889747122,556.5388310706863,560.139739730716,572.2247402754529,578.2089354499269,585.7414004150708,560.925701029794,533.653087391409,545.4956576186131,527.0146038852108,500.03694468369866,474.22356918035723,461.1195778533232,495.5446712167704,471.55289408486635,457.4504534457591,486.90184407750905,519.3334084973652,500.3524437779715,526.9841325715175,501.7083886881285,520.0159374791646,485.9265087244806,479.38988277134774,461.7033472415649,475.9839082327035,442.10783742756644,439.65095685117376,453.4219885833192,421.691329710832,449.50934245993005
222,357.25501481065055,333.8236230676075,314.60613778973976,303.3295528043722,282.21580993193265,282.95632270599685,292.2615442609518,287.6016518827845,282.49390237544304,302.21286873125223,288.2840386383042,296.87785701181116,324.3823679648542,304.8883735215751,313.2814246232871,344.639449227122,346.7251170740038,380.1079577328029,366.81118082573863,371.3117533123725,358.08425589643923,323.34461565115726,358.15618268235335,339.9603874449627,373.0775264115339,383.78982427683275,412.06517690323284,444.76936919698716,449.51741364092595,484.495807742014,503.2089013912899,504.87592031784,515.7219502112019,494.3209452240639,460.0932287248884,443.06848305738833,438.5164433777818,419.48012445810457,420.46263731713844,431.5187272728651,442.4242967098677,469.9878068471867,502.63014360101135,529.9787945362035,538.3910416904884,517.7945325118674,548.8361136537623,526.0763412874737,501.67625806320626,488.9061110165867,494.0585003102669,506.7615845492732,472.69207196346775,492.15363098385023,469.40499941995716,455.1589390258687,442.70500983156427,430.97622975447626,449.20196190913924,417.0680672632918
223,294.67677098908143,261.23911716975283,280.72007913957646,314.5806428251351,325.7489439737946,332.0586866381114,360.6233215753066,343.4701006207504,313.1224619804107,313.82035532846584,297.04476455063383,293.62047757829697,290.56146711902363,277.8796948037885,276.9224155146022,268.53304715309537,241.44720072782673,268.9242399819017,283.0133999920175,250.90502054200635,227.63090673599092,224.11449939959783,222.41506793240583,222.20961327994294,225.84608915006567,254.6321494484269,277.6716646590346,297.49191792852156,305.5213733862216,321.16592211117603,337.8596068699975,365.1115077915342,381.3755198660378,397.9276714275054,419.21335351744926,423.1581934323835,403.0702087353661,373.9881821652002,368.3212313919331,339.7392284099575,316.5905106187607,283.25931144213115,269.2737518146868,302.1735993828281,293.6987884693369,275.56127089291255,268.80273429258875,254.89643070705617,267.10158465890333,276.514257940039,243.42826148397373,249.87572305028948,222.34848091213863,245.2984890262574,276.427828355008,304.95197986592734,284.3518277122922,301.33698805278976,321.85160602562934,347.35733334328626
224,318.64749490419797,315.2059341222492,295.7112441548105,262.4129061595939,273.5437901101409,268.74624336266106,251.11442500211078,276.0057903927322,275.7034351912764,310.32947259615776,330.86452048188545,356.70930446339986,375.8425618792369,348.2573048057804,317.80933485153736,346.8648489345498,321.53865209733596,313.9244826445342,321.61825345344937,301.4511379465891,282.22109100613346,279.85798496652984,270.12064136872476,282.48093806011104,252.73627174655496,253.10669005423424,231.8682662047271,248.4361492349125,227.37212371918955,228.37408189943866,254.86794657990234,236.43063469733238,257.90773818757077,242.02212716574414,233.4017682908911,234.47962048413095,263.58818026156996,256.38977641514094,238.4530135070191,248.68499703592073,244.55957216646465,267.06382620460175,301.39501948651366,303.255230473122,299.8776533088215,288.8901311907935,322.0238424497031,320.85367177003087,298.31345196555435,331.15856534248167,363.4203141624366,358.921067825892,348.29408873819904,360.92471000640353,383.94939916139623,383.8466484212432,372.0035577949555,358.10113855536645,345.9630494603757,319.22535526894444
225,515.8757658149793,488.22295626131887,481.10497090668855,504.5510045065491,497.8384172049821,483.47174305979877,514.8495037260275,488.7075664733382,515.6473396682513,484.99271557982763,478.93977447950755,488.16024836435827,479.06293525427594,481.48538472157804,460.7655013826808,465.5979176053594,440.01702778830605,460.7437699145764,466.60906385552545,465.3443118928451,434.1709876011608,434.1551911153314,438.6050512406182,422.2017771791197,434.6331010426952,405.00666145264165,384.6148971540363,401.2432933667328,376.5488486915545,358.73726606513765,369.29714041844454,385.3160596852224,353.92030750886266,327.7815664365177,324.0098268455461,330.50547298379985,327.2701593879926,337.56505888481564,355.4845623413528,386.952631666906,376.44428158596725,352.8616153812799,336.3474956814541,311.7190068350795,304.3162017731836,330.39591038629317,319.69010317239815,295.1076923279799,296.6919940695878,331.1280612357976,309.30074654261074,328.75199316558127,351.38711921578243,344.48080326085255,352.8494039673693,348.1155455199525,331.47843107775054,326.3067470828158,297.9770566469208,312.4639846031833
226,535.0933520191356,521.6113473550695,526.2647250616683,507.5151223044288,481.4373538165256,492.8906533743768,467.2781851299307,487.01671997436245,471.0395383869271,493.3354758971134,484.1307961044433,474.94977758945225,492.48987083652617,493.20847506100915,472.27689490970033,496.8054932734408,485.61621791994395,457.810591178632,451.93066432323343,457.10798774511096,464.7999611208478,488.2925102921152,491.19098795765836,471.8507217723729,455.16736492388645,427.2262061044946,443.74090635103295,416.156814606016,423.5636988652517,430.3500164485146,450.33526543678965,420.55934441476916,399.76313846055115,428.43250485217084,433.4890829145117,430.5273978322172,447.86473641457695,476.04186799081805,459.45254257728647,487.5558365940805,460.16446041693325,493.6022737580247,470.1419015149974,453.778447317158,425.5400231235729,446.79737860563495,480.6936229485525,466.48197854843625,454.2748157765618,438.80340901316197,414.6413760282067,434.7624711999152,404.01286000055376,436.7570491337535,466.6691358493869,439.95987181928416,442.0265414040179,476.5261365091215,501.2094839425113,516.2688447596105
227,228.53515926754272,222.9768229744141,250.15424678621605,244.5269809313595,259.78973162341754,276.5324455164386,271.0853379431948,246.12206049224937,243.6355648092279,271.07441739154956,259.25042192378805,228.63588290540818,261.8525462111733,274.49992983934413,277.35990247497375,300.3974167426604,294.1786642094571,328.1367697901988,353.16688464804645,337.8050165639658,328.7783756664006,313.08038316029183,324.23424215966855,333.9874773343869,335.5628884802771,368.1717147003752,366.2309848728135,386.0915524665731,397.15821066894,398.4311564790668,366.37781398386466,377.40246565127387,387.3841215506096,361.125301172088,381.8393494473346,379.52893528848756,367.21915629682417,389.89631330604175,378.9322804708894,387.4618358607572,395.7158719627117,364.41229074284036,359.0106448830705,339.6051573783074,318.5751037113813,329.422435915286,295.2211355852887,328.0566640603035,320.73403448064096,306.6502814717843,336.0484894674063,335.11553941488546,343.1183070188549,356.82785942344225,382.8266485673547,356.9085878545486,327.6243103909903,362.184065294422,327.8059314082469,342.37956416129873
228,452.20483754427596,455.88340906391767,475.8913662065242,510.3644725410063,478.6464800455812,486.66361453060387,501.8380513283374,488.25380276044865,515.7540997049139,512.7435986063937,489.25709094302994,514.0656380644509,545.070431494176,517.036475779988,534.6541364808068,514.7051318223721,480.1756870592036,463.41865466118077,488.262343126633,463.1452145014943,437.29203631138654,454.02537574539747,447.47055044492214,422.8645755223443,403.9646018760963,424.58673662508863,433.21555192915,451.48056600880494,423.32469273796755,420.39199253744744,441.1894300921407,424.7949226529309,401.6381504392529,393.3630230064564,381.69962117517105,359.6827156969253,391.45886047186343,390.2757487907443,397.84109371843897,371.3185773309106,379.0210335001165,382.893622024709,413.12867496882126,406.9908510438643,426.7351980771995,413.02786656954805,418.5536915124997,448.44161931959354,457.1966110727163,471.97771893637184,498.29663570055317,528.0763411321692,507.6555823963839,486.3642446104269,489.8975734940419,524.5837198354872,523.8943824672417,512.0577298844817,514.6660191297979,484.173723317897
229,287.3385727177673,262.76300193202303,229.71709008699665,252.29523261721332,241.90288527475326,229.59020238323873,242.84105339729086,238.70836515688524,241.10834194716827,237.70396708691544,220.20994700965815,244.23602284140853,226.5568637266172,229.10687073147005,228.39428923846546,234.37944826503897,227.9104730268696,234.8878797665823,232.13594243515254,222.8854320506561,252.98165451738444,240.77390924982444,225.31425778512474,241.02494888281853,226.90650461511515,252.39763381476553,224.15020766954513,238.19059393105303,270.2026830666244,246.33051682271332,232.35004502652018,248.43204059140893,282.1541432430929,274.1626456230845,284.56780211748895,260.22999651220334,270.1277958407045,252.814140387547,261.58957191235993,232.79585647821258,245.09134401693558,234.26598520624844,253.5850508931977,271.27897039738673,295.64894753654454,330.1166233608803,327.2714579366065,339.2130671411192,305.50272727876774,333.85881961020254,341.9608397972031,336.4549883463297,331.85688033957524,349.91657558480296,373.25947583231556,394.8127331743552,395.55365888764686,386.5339235174091,417.7216788164966,427.1156455504113
230,426.5882954178004,433.4706206597809,442.56127623282066,457.47637812030393,461.1993067731855,487.474181585209,512.6541765843691,508.61221871006774,485.4097465588553,490.7756465228324,499.22741307201517,500.86398324877666,528.2044301779544,499.71584816966,484.835143508124,510.4404327507073,541.1993646622616,536.0141198914414,514.4991986203071,508.92226337600255,505.8539145556921,507.2237710270706,491.4284866398772,478.31240513805477,489.20353933228125,497.729129902046,509.07630596011944,500.48625478395013,489.0382334789426,478.6459405870483,510.228294571325,502.8954517914276,510.3247195350824,511.9237426367401,538.2592697563546,529.0974458109181,524.4875569158501,548.4831571306048,524.7501901126982,531.3508084639692,524.3443829990355,558.3497921238014,573.8466802998448,539.4922308140668,563.2554038453319,577.4779797780237,574.7455849079068,553.9733681089037,529.4255336374421,538.4135030375313,534.2093221344948,559.5227439906738,542.8888939101108,552.5152925693483,534.9343051354795,544.4765006720097,512.8606256271096,505.2801455041165,482.3681386147191,489.7835183503623
231,340.3566602075381,359.36394344491055,332.3855486750118,336.32046335935877,342.8779137652746,309.42520074567926,276.94420050521416,263.5210125681754,271.1562933270093,303.54039298836375,274.89523868757016,289.11663281232654,302.6067613609209,314.4699584061643,315.60027231341843,348.2780888561285,348.40234855033617,372.0831440942807,355.45958629550717,376.901181246987,411.6593826227123,440.3654017668755,426.65042207951166,450.88144538889964,422.54944400091,434.9889731738237,423.9392094828918,435.04611575458364,428.9035462851462,394.5358667729188,375.72522555627535,343.69226185635745,338.601156452347,362.4061465233198,379.0659196515753,399.2897726886599,420.793748104991,411.82953326803425,412.2513343325721,412.8429162385502,385.7675124240752,392.63746097305443,408.0500455030779,415.8177928410085,433.0354082706751,406.35779703941506,424.65642328280745,404.2262305186008,430.6041081173681,412.7492999819238,412.18876684025463,411.29740760621905,395.11693003365997,385.4366009430316,363.42837337832304,368.3354222004215,397.24738397376507,384.4099140390806,384.97429672308266,410.30593955668814
232,391.94963783927955,415.1378608313339,411.3852073932248,407.2021800629859,383.20897741553983,356.95749512540283,364.762267226017,387.67561395352743,362.15406803304097,390.8606442605301,380.9822303910336,375.75023484749113,403.36197298876016,431.1027245112586,432.84284589506865,417.2163920068025,394.2521550704748,378.2627583906131,397.90667622437184,385.6280323793273,399.2473346516379,377.9113922112097,376.40664649943267,366.05408162355025,366.3069442559664,371.20311462037876,405.5685621447899,433.56121544803403,447.2718688747274,423.0339118118567,452.36591075560193,479.8469357051619,506.9161758103587,505.4473563150726,482.39682608934663,500.20505113717115,492.4011038665008,481.5208841449572,473.8756250241066,478.0105640467135,466.35688219880467,479.65132496867295,489.9919906707293,490.6123736386124,459.39049985659705,489.94848762257914,483.76722744100647,480.2289510410186,477.1512268980402,467.70318397473307,479.92433771799375,445.8985764256632,472.0441594774107,444.21489124627993,479.19484850361715,488.1606325459876,457.79788573331547,462.16847989319433,450.36002536578735,482.0730509846237
233,507.07898181711624,507.5700086225068,502.65442658803,537.3652471932976,549.0821331405508,550.0572151079376,542.9133033273583,530.6341033481976,545.0134630143117,551.1654490577336,575.5383875290088,573.4540007372357,574.2941680449726,568.2724912035636,584.1602871055474,570.2583701918402,590.4143287001743,569.9958389213523,580.0193490034064,594.1154703569188,590.5586935349219,570.7846469939044,581.1424554103619,557.2901492925965,526.3617048542231,546.7584266293627,568.3190646955793,534.8481211498798,566.193772120778,561.8744572221208,590.2435075425981,590.5194347547407,595.5810127618091,593.43183620827,598.9190352636417,586.6176063062811,562.6129333147559,554.882352466065,572.5138998694007,547.3222979421167,577.4112614746481,554.2330151563929,580.5512468289655,571.8894125044009,589.9414439287539,598.1208643463902,578.6892974973166,582.915588562963,559.7240414989546,580.7790416664524,590.2361961328387,568.4525169207848,535.0590239028223,530.24339152741,507.1434289245749,529.442004543396,512.718814004597,543.7773094828539,576.8039367582361,594.6946096718276
234,447.8535015283462,431.57346180736033,453.08155084567284,467.19322753023386,500.5950118237522,492.0026523358889,461.1164122776293,496.0034552963556,519.6819100570768,500.1861882379753,515.9801388509511,481.0284511054856,485.0750851573362,475.47376202745016,467.167074914084,449.28346134612934,433.52262644046345,430.34943291039406,412.7195853938384,410.37038167469905,415.78472211463094,430.5625217143066,442.96271726210387,424.9019663794205,392.6452377093884,415.93296833590756,441.99486734342906,475.5171337247581,507.69694273129124,517.0639245998002,544.6629438757107,541.0235332282078,561.1370280089609,593.0104459669311,591.4458274701765,574.5541439507664,562.388125020231,547.7961178133436,538.4905645153115,560.9309308407657,575.0359533260661,555.0197201109504,569.8271791117429,559.5534518657842,563.5975273583493,554.5233764522036,556.0374311542124,572.1237038106906,583.0944911521876,587.1888161861187,570.8848439156592,580.1560670135749,558.2479517317389,556.6679411611295,562.485425337359,575.5391784464007,594.767209369698,572.028902114286,590.257484186809,569.1779659522037
235,429.72557923342424,452.6925685531602,468.3130409220385,493.7139177434516,515.7556012195977,500.0999095550153,534.6054765748421,565.1953668293372,560.2235484642048,528.5282117624262,514.7729788856652,538.3036560274151,569.8645853923334,589.0358829506192,572.271835516463,540.8182663681107,542.0490654487785,533.3958410691995,507.00390817166544,479.41364241890284,455.12622427482955,434.53388141175435,452.2989300673374,444.0181730023869,439.6038421160494,446.4905355648677,478.69987898510885,496.6527124081326,506.8525953798167,523.9208447323639,539.2713212106651,552.5887694802644,552.3372678452544,557.0165634550528,554.3209661064791,546.968060899769,530.9218259227066,520.7867500110739,515.7838232227497,521.3403815716637,521.3316383758746,493.88806517528275,482.68622105729094,474.01976385940503,488.5045814173215,476.80702732220334,442.363934413128,413.2674980462309,413.057387304147,391.252072603213,390.8756413927593,396.0700174387879,426.4106706186427,437.3012653230601,404.47411590740035,396.12525218733947,416.66724014204715,399.9066120613421,429.654727066359,431.6854766658136
236,255.1301228924382,237.04706070505782,267.1702094319129,301.5723920141496,326.98350449386436,314.4308724194988,333.2482032952057,313.8041383469436,305.72069846831255,319.5224674703614,352.3455612132807,348.0894405879792,347.79799006031277,328.2097870868866,321.43537907934217,290.8466816180373,315.947694311916,282.58111555691005,295.42783647844465,279.5533555802363,277.88101582255763,262.5901066295406,255.59505339142393,258.8695054407571,268.7320442410107,299.5520742579489,287.80613738224423,293.74616329040686,321.86671359498393,307.1829401515079,332.7364388302916,364.765295577581,389.089854971465,393.98009006537677,409.52817786490743,408.2027886634805,415.01069497496195,448.22387966344104,430.80231859432917,451.28061717217423,451.71693765501044,429.0980653952415,439.1455420445526,459.61542550200795,464.4283328546438,488.04862892406,478.6594319101491,507.6232128392701,518.005619838313,539.2267725835225,523.335731323604,519.5647131568082,548.2379319786185,516.8006205137501,510.07934046317274,529.7016465269412,546.7686748394013,571.382272993257,583.4206054562736,597.2710450875276
237,409.33863103301746,418.0389196127478,442.3783227119637,456.496689201908,428.64065952306487,419.3304112047003,423.01176708793133,440.84199515824116,443.8917249755413,463.3201718724067,486.95283522481026,470.51181414547295,478.6386862668209,482.63641269047577,463.5486203763165,462.84008662289466,466.2398665427049,488.4536578071154,485.72291403207504,456.3870328053915,455.49774988164603,479.1543159879963,484.1421976509245,471.4627635900798,500.9307299489779,476.8263268728022,464.70776254733335,460.30719089140393,476.9656430462153,500.4679184950186,469.56715183218256,490.0096592646342,505.4466483321806,533.0723096690077,561.1033190267957,580.530108133027,555.890427777678,542.8614332436016,573.4038121629965,575.2490070998749,572.4404959152354,594.7268243701254,594.9335770802271,589.0817456315092,594.5932313510942,564.1929349387856,582.2210126007792,598.1865246647087,564.9895305993618,545.6027262247062,566.1805134452856,566.9698922856383,537.8625482751211,521.6196103160426,509.30378231062787,496.7781728398443,523.2152653026625,534.5578173177254,551.0020268035562,516.9519330257548
238,382.4545611249641,369.70200508955094,394.3367832463631,426.10765902075275,420.7415184918431,453.85576151183403,419.8609057948978,407.6612640895002,426.9064465445967,417.113420677849,446.5807838043031,426.87332627917226,447.56999719214,426.6891548603167,405.48649909741533,401.68895418424455,432.8347953673678,438.81664270053216,448.26894534168275,413.95023241448587,382.91329673870945,352.5986785349811,374.9736307612674,356.5532792843509,344.57195220906283,352.26864671309147,358.1454489488238,351.8825137786146,317.1835282010533,313.6557084546104,330.37749155501206,311.84424362779396,326.4293043469612,292.4900017341707,321.0505480361879,352.55329257209326,317.72559641181243,314.7728853782683,308.74042119497517,332.67225610934065,335.52276750196944,343.318350397493,322.4937706135426,292.8882973733383,306.35147417612205,314.798793613982,338.06180499281146,362.18964631375536,371.3621154918609,374.04741229838106,403.02799112921065,424.1164806388729,450.88623028660334,485.5950931657828,478.8404983094387,494.0259246697913,507.1906717360018,484.3806616692978,493.9390636478108,488.9053129593341
239,391.2415242432102,368.8511835329942,385.982937762512,399.8388070399899,402.09911677014134,378.06946015594883,382.0499951309477,354.05933468123914,342.8153765111971,333.880425506687,360.72020298453214,354.8095482656391,361.7024390694449,387.93696822272375,382.7401289356178,409.59937534056905,384.15166721743384,374.690688218631,346.3215956532835,350.58666970297344,382.5964139315196,393.58304240400815,402.40833561842055,386.87943987544026,417.0569129790588,415.0643479133574,398.75449162656474,432.8934902568753,427.51216562250704,418.51709439117514,385.96438310209356,363.44503122222136,385.088426077281,383.8770833994315,415.71831428419506,386.59032050984575,394.706361477736,410.10525180576803,418.5880706582903,420.67949986710016,426.16038229080993,439.42885368715935,464.8573017417864,453.4014268417144,450.5772124726311,460.0908835358331,447.0860001986844,424.6008008149531,457.23261378942243,435.86363600515904,417.1549526833166,425.46297971709805,395.87876141160325,363.2620971786677,332.7430494450421,306.3715046500459,301.415284999439,324.4635300419534,313.4015625586403,308.3287615839597
240,448.09541527762946,434.2455250712927,429.5231765850514,421.56499466555664,410.49684258105805,402.6843644448007,368.4626041736451,395.50085094215603,428.9151267635644,454.2898601626941,419.691819346491,437.2538076151145,442.37081969618447,413.96306346672696,444.2632029082988,463.5984019538834,438.76914200525,471.2520420837947,445.0859547805395,441.9135462761894,418.0418475623315,393.5552032163848,426.30160490260755,431.3501996000714,414.49244383858155,433.84039979923887,460.10750775041436,489.33978332555887,519.64873129324,548.0394593761106,557.7647270909705,546.7373925774644,576.5271299981862,548.6898535556263,525.5058406091836,520.8737684438821,505.7303143988048,513.8316113944758,542.2027460019993,541.5749388480707,545.345880387368,539.9652414160445,554.4950826143602,526.5432972035951,494.94458921845444,504.8382824287758,507.2797805895664,500.79484262092285,489.1743275524649,457.8008486354837,470.43978000446356,464.9425075119138,461.11127027828695,488.6524098771194,505.28076165376297,485.6417820622934,496.64343681881815,470.9013091140742,449.4857798637242,464.4762267149946
241,267.8383589349611,252.45193553092955,280.57590329891497,297.25798677862315,327.3201530134945,354.04848695077874,340.9290464890506,350.1954669027232,341.7041643712473,355.501467585075,344.8934591006389,309.98567513224305,281.561350194268,300.5322130298622,271.41258016392044,278.3721679907374,303.41666385588087,320.2937504348288,314.23446607219665,293.83676114271736,323.4143852846453,328.0623630095995,321.4417671582934,352.3858060899229,332.43704816095664,328.3967792327101,301.00197887415555,274.74359713712323,267.6453350569017,281.6215599758586,270.3441360666514,283.61599414886155,304.97932699652904,331.40978102226256,299.54014630602416,318.70136215414055,294.00131070982184,307.8796712407752,298.8960438327753,313.44157467141565,293.4092717869754,303.55862211004506,277.3446082043809,254.22679654035738,262.5372306751633,251.11123509068855,266.52763764329876,279.48879812148687,288.0031774393424,304.1410153257446,324.7164821722011,353.5161119452288,324.152220008952,329.16065104344347,346.5750293968715,326.76093136376295,310.2144113721492,293.90191547562864,298.9652234788449,289.5971632714411
242,473.11600124620765,480.8327789839632,491.8306073011766,474.4928404778224,493.2088367854322,504.69132533924073,478.8367982234423,457.84889789207693,443.9164581335295,474.4393636822407,462.283854134537,428.67538992110934,403.58919155722884,370.84121921278575,364.0399663028109,384.8407043706902,381.3712090119204,405.1007984474407,373.4278509426923,371.3084514328258,391.40372748188526,403.6342827176618,428.33207031749447,412.5005009911647,412.56005673132813,424.9415572152841,401.7358541463992,423.8423241737918,410.6452277291599,382.17673900325855,400.77582935099576,415.12708793223436,441.9846706621451,469.4299028427438,453.9267077634542,463.8221020287016,498.760711760741,480.8271701530161,478.9285369521194,507.64018247695503,479.85575738381675,509.83325021275044,509.0041418320748,536.5169970321149,545.0129957899965,557.013484081612,576.1224866815714,545.0752928315165,554.0190765642913,583.6946836983213,597.7489137796258,598.819939379232,587.186212102031,582.4660551368466,576.4892244937433,577.03764269914,577.5174408902717,544.9551766923109,516.1761667076504,524.5353267311478
243,339.4022434146244,325.5020273653175,304.04287211736533,325.11776997775155,357.62076523819564,366.56382546196016,397.7432181544097,424.6151091101368,404.869997600449,380.61681068282996,360.4278856698329,332.16254254042315,337.96408422951026,322.74958722813966,351.65375586073975,359.59229998664625,349.76503889045745,383.68988312796415,415.41349784039505,434.9165643120391,455.33442159281356,488.7433307995278,495.77526638432505,522.3766558375548,491.9145963985542,495.69897276035675,495.8751165231395,463.51578687859893,434.6024258512882,401.13115053246935,386.7122008465206,355.45798691266,350.07916484591607,371.9714136420203,379.9395002325741,392.10479409333857,359.31026219101307,383.0771074089238,358.3104339657331,344.49599528800724,345.6715679333443,375.7711081042654,410.6415498904078,430.4277977439065,446.47979340482937,448.4175565546716,460.0114702146129,435.1211624945977,418.9648909348371,452.889891379633,486.4629429998207,474.0710106262176,455.9444107062268,437.0106759434461,435.95118278874,416.6148433741174,427.00960765266603,397.2469944474415,369.5044000167874,353.8897992622934
244,515.4284286838027,503.0586964167436,501.0158711766132,511.97941439725594,532.1772089353641,518.6748404210898,534.8426992025853,519.8674175071786,529.980052092841,526.5416619484694,556.4056093030115,590.1521463384904,589.8699061881777,596.1848975371433,566.4833236779269,576.3250188217004,552.9642540598395,537.3520494079108,538.9496762930048,555.8887851260847,571.3933703197681,591.6967487056479,580.9151681698971,596.0162547955235,595.6294775797458,594.0573145054221,568.4544840939373,568.819964977821,582.5441287547748,598.746436228412,564.1686914096055,552.0667087857623,541.0312264667717,526.2286463515017,548.4483473349078,516.6033478999461,506.76378040053856,521.581702979861,515.0534833173499,490.13793417580735,497.8976072689435,499.4803238164968,533.2090423446076,550.6058776830922,584.6381968322901,559.0232518639571,577.3349025134103,574.1451742297347,582.5048156632838,572.0490158745367,550.4192269946788,518.6207934372375,542.3009714501061,564.3375558511723,540.7153372162159,550.8780001842847,567.519359221536,570.1482512239468,555.7211003520383,582.387313505044
245,464.12744226574364,479.54266810671317,490.19068517187634,505.6808921828325,480.8355923282436,510.4172002100355,495.42395606713063,518.9825416792277,546.5194359660117,557.1050884322145,563.9861417784267,536.6195165604374,532.1550023860115,539.9701093113814,510.7009583851755,483.5032991886036,518.0469870461083,506.3033776134899,495.7846517238713,478.39169226586375,488.6130761304631,486.7283882069389,507.0585552230842,507.9331934529893,474.0123120728494,472.8004293957251,441.6635397373593,464.53858637105924,437.4946523199883,417.6814333675954,414.8790003632334,393.5418842412624,396.2872814550546,393.536171166324,425.2127539305342,396.39890336325715,401.77014674205566,417.19811941713454,391.13201005104446,400.68435899406256,426.1810927859504,446.3099878259213,476.77193615595536,492.2129349278215,484.7920130048837,514.2236099262406,494.9985836592766,500.8577431560276,519.4537993126545,545.513481002338,574.6714301789118,544.7978895818009,560.6220314435946,539.9093319844657,559.4476928885451,573.4959741238978,549.6498742799434,572.9479863493104,566.6029115200058,568.8010888619707
246,589.1334263465174,584.2505922192325,579.1198232708259,545.0565299529842,524.0015684095599,490.86114788305554,479.193017683186,468.30860239509866,470.43170732252776,483.71549861200396,461.2696606447459,468.38547010142787,497.57380931845137,475.52435924959593,486.66052136817143,454.85176125580494,457.0320956561836,473.9398436535882,441.3227683368982,429.6793457168756,456.1363346943149,436.9199204003176,452.52113920801634,460.377818382941,436.8359550001056,453.7554809788338,456.0011504910876,428.84295654192744,460.2989547704963,459.7362968105437,476.8919552467539,457.1309738335554,431.73379849186006,448.62527282095436,460.7929653200411,444.9805034593136,462.2203439454137,462.56980221670887,451.9716101820273,472.05403740560354,480.2288297335581,480.73761535159787,499.8551121241653,502.993097310586,533.6905076159372,555.9544061110606,546.0275362028744,543.5718837411125,575.5851985497897,593.773589923826,566.655483298972,550.4026461825233,540.9120825378614,567.5015150679346,595.1007785206336,592.1135294902247,568.9376916314841,592.5392404302787,558.9353980132285,553.5316416755647
247,363.4988802860603,365.9656526993804,370.21049170581847,350.9888057848606,330.3077049798635,351.5573664053144,321.89114225410344,321.42116532444663,299.83641378628414,287.2061195447526,271.61672888679317,286.21328470309743,283.1347269337159,269.09565534494317,292.29029520355755,263.2959550939137,281.9412002770685,264.32309333008936,293.58443891396416,258.9735748898326,262.94000850498634,271.4985573869179,276.90958067220095,298.96065112613184,271.8121316919986,265.9010519924795,291.36262610387763,318.574096300907,318.4582045276206,322.51588709852615,340.98947793281917,360.56220553372407,387.7278964991343,411.79791444194734,405.80754634244795,416.2902791954639,415.1167472457853,388.3740498951945,410.89171429554887,418.01516137458435,387.07552564099825,399.45630517162635,384.2733776844235,354.1219422945912,361.5831663224463,377.83777211149334,379.04767271399777,344.44305186390426,349.8248434498865,315.2874787221437,345.13605981294194,328.84742085369555,354.81788309848724,320.6655333016682,292.4706890361201,289.0692703583061,307.1717868919929,338.15110592703746,339.62774298882755,329.5099929454893
248,236.9307251685288,250.31245615513018,244.82159170584112,274.38581212633886,272.9899577251389,291.5712465442232,315.9459835192659,287.8254163367087,283.68465787964584,311.2448780505077,305.95674893288606,310.51754832060305,336.6348246315224,317.9163756998079,345.53709209745034,338.3290815807234,344.841414586858,332.8041783314677,334.702512094639,303.1525183062142,272.7207165729276,266.7513099085586,255.1979445489091,263.3033712681667,230.95708296123314,227.70556296509793,228.95073983156314,239.3599391165984,233.41792265477991,226.66534127388798,244.89811105443627,264.55652633674055,277.52529101254606,261.85789767847257,286.66903622416004,294.4965887840782,302.5232578545979,282.4226494747499,264.37755158828065,262.610066808948,244.25753898178888,260.7737932922833,247.37260915018638,229.47540689463077,226.74308783743822,225.31088034210214,237.72671281364347,220.16029112344413,239.06996755400556,236.1292293635251,248.24781686665702,279.1636152417702,304.99694795461403,310.3470367503059,304.61195863501666,318.49734561079214,348.1170988945086,347.3853936502771,319.3369343362494,337.9631083659287
249,223.98207847986598,249.80719722207817,225.50320709550604,224.31831319137115,250.73539553895964,265.3259820039973,269.659201057562,292.10016454727554,316.695960299339,313.72181819527907,348.4627262890967,338.49332206383417,315.49886572729,339.71721674568244,333.80713631483553,360.0221119008385,329.3037560151668,302.07740382063173,269.8964901063091,277.0372573274778,300.26775000563276,293.4540048582398,264.80268633521143,255.94550425537818,245.30873351915926,258.8069768376595,269.45759085340285,241.66925106099757,243.81110329559505,257.78698820565876,240.90727284896118,242.75874865038088,255.44625130489732,248.64720039204045,221.96421444152676,228.2288253931702,253.549066342402,237.03472258059335,262.549388246948,260.2329360460757,258.33741564988514,277.2735507230816,269.10409663419426,250.7977380848602,226.91089281368403,248.16034280056493,249.68173190988665,272.35383886346324,269.3910684636647,263.42781572170355,249.34746160693516,232.8326773973824,259.72202247223794,231.38681843851157,261.8468349114606,228.73047549807512,242.8383429496846,223.3736273814564,249.91635317706573,233.7295830515432
250,435.05057896988353,464.2018061512496,474.6499316441195,452.1323291922936,472.89977300513664,468.80334548172107,434.72571716571406,433.7992650732625,455.67319248169633,450.77022664004926,468.86019017364873,483.2470020910571,480.230864304737,467.8606452565183,483.71844536586923,474.5427346075548,451.44883207856043,438.909246385519,465.2879898904824,450.1252277400994,431.5724651792309,405.91187013037023,374.7743192501109,408.14278404408515,410.7171619523279,426.7922741957767,445.9004154765861,435.5626051070192,456.4860188183047,488.7899159277081,505.71324544454546,520.53456431094,515.7909293716814,539.683338178297,510.90195443693153,528.379814293868,518.719362243868,523.3375363497133,550.8450002425052,558.1963694393185,524.987076564691,540.5694157513078,570.6011311855625,576.945974228919,591.9548776054837,592.479834405852,594.1021249032918,573.1751001933275,567.4902127488001,589.7407742552466,595.9447088757711,566.6796463784788,544.0820027459251,533.3600747497705,552.2809227223256,578.5296037303782,576.2959944469665,547.9452900442327,534.2076661419343,559.1992765953685
251,352.0708917426057,324.2673987588634,310.4121913867789,331.8816360477655,331.42520335910547,308.4352976476014,295.319563728197,327.07025330534947,322.3072774722533,318.2192253086798,293.93409745177473,280.2528987747747,302.28092808057795,322.31485628880637,317.79977221481977,345.3554305658185,336.9735547602161,362.47662534775145,329.68621388868064,318.99233420476037,343.8471276661488,371.9387969693518,389.88847985477855,401.7790870374776,423.8644306998386,438.39350387538764,421.18897068795013,418.8255537365906,430.0749035886218,436.2210965869031,463.17792908551735,461.34705391266533,438.80617037428976,418.82691299319146,443.0508721133418,408.6613389089597,434.50046424873807,403.391630241017,395.8077230072754,416.82005892846945,410.35313530603736,432.91750839982103,404.93842681662585,405.7463826670889,411.51956392701953,438.88036573362643,410.43386417736997,399.1359121471798,410.2902787899585,443.88538452016394,468.2645871972139,492.5192415159262,493.72201857566137,498.22295712171626,523.3235637073619,549.1973547453351,570.356574328383,588.2718257126978,594.3753230724061,563.9976772632135
252,331.2029632238889,364.53091060064145,367.6652417981211,345.0177120010395,345.2316063250064,355.4364985962578,378.4120374718938,400.2644082935366,368.71131282680574,365.4580619148743,331.89789584796483,359.0688245046024,336.24224979090616,344.98347845264084,349.92676444226885,358.71382486726947,363.152988465468,378.24419588113057,387.07189350275223,358.39291077670924,349.06666734723007,352.3282078626557,340.0920276755281,358.31518961200993,345.56802966585934,368.5759218670721,343.84728233577596,362.7047618847872,340.54734273975043,342.5084123686018,329.9451184760764,339.55852899446916,319.45035768338096,340.12903901801343,345.2799096636642,377.2890304501514,392.11295347425704,399.6306412394846,422.6717495707285,403.04952931405285,412.34150157456486,404.66977104620446,421.73513958645515,388.44799825084374,383.3878450077277,394.00697813603205,391.25173168698325,372.9097433869458,370.41419100450634,394.8963077887732,374.3750389996424,365.07709045371746,399.4005769587264,428.29777878105784,395.67556272992374,397.7988004620647,367.37771234141655,397.0510569974563,392.9592008854085,387.2497911603686
253,323.7194920989381,328.53682072638884,303.6867313359263,324.6135813734146,323.9983055126755,328.6507079046667,352.50704024048315,330.46745441242956,307.73026954637766,302.1863866472669,322.2153635308889,291.31355227729915,311.97546655021137,312.02842810163804,316.35186959801376,320.8588852775559,289.7906025045963,272.2745583448664,290.1453799508953,284.00414831514513,288.24033707277493,319.38114061463324,287.6201643968485,284.0977899940159,274.38697929336877,246.83843912700064,278.795638458079,311.09780974047703,297.9019805337355,329.17214328197105,296.63429575267105,330.2970150762052,353.8122562248117,333.8153716815967,340.7836724570179,361.6646278228691,349.01555530341363,338.7781807499117,347.8062750414166,323.10285860675725,296.37760128732583,278.86397075568556,295.75215292997774,286.4140987787867,286.9291742944123,265.6107132709396,244.19810998540962,258.50548518433044,231.0917528151222,250.78194971873003,246.35894910341776,261.18847782326867,252.90954121435288,277.4550156350389,246.34394748013466,274.79838337995164,258.6046657866183,226.582620484202,243.38624963376384,233.09920210142167
254,394.49718680996546,415.6591812343127,436.06745448668335,443.09444762652237,476.5454812325577,474.00805789977744,441.7652452246144,464.1250057113475,444.61557661532777,421.9522932451195,391.85298778277394,379.80598383747866,367.63711153127184,353.8311187689235,360.3546245527309,377.9625764056983,408.6062467110121,380.1897522186224,355.7164804927927,362.0054562295124,333.8749478009206,324.82844772426904,333.5471038624916,353.1852561052119,333.4172062272741,345.17619571406493,355.38707232336986,380.56020116145186,367.5225258649312,385.0289564071036,402.6689469180082,384.4125648573962,392.89361350048614,405.15495963727864,389.3649485208378,385.9909481963625,381.49538910431704,400.64105889028957,365.68944680425165,365.76130960622015,343.66516655568694,353.9441043195673,366.5699247275338,366.64878033608466,369.59084826099337,356.64492149485517,343.5775090458812,360.7357032354064,334.9568989552488,353.9621309837793,364.81305369591405,391.72628162179893,374.93641007578475,375.368943702919,343.0982095099653,371.9736697638002,384.2510720113413,392.8523394463422,409.14058351540444,394.04360348855994
255,449.46690212584906,470.5314358542162,441.8520469835007,473.96922923382164,501.4013054089139,533.812623782349,555.3970194145613,540.9987958853137,546.7076786197396,520.1190481764274,537.9107193930514,513.6654960125484,539.3431714572446,521.1821581331413,497.41099164294627,467.37429710131437,482.16985606487117,460.2041204482228,439.04086729254317,415.91962956293764,402.32528813573225,433.2100885247198,432.27360597942237,415.53506173082604,392.46241491013814,358.7855142895188,349.33499958430315,322.0393027801289,288.9301424769703,261.1387218924786,248.43522803994705,267.6312101276566,237.3202477094534,255.50838780489107,263.9463648209783,290.6856792036535,268.5647697966976,289.16350919422575,314.70407438759105,348.0579636032126,369.6564186645537,343.32019272189655,374.6192234333367,396.66866712960154,376.5314300414289,353.09524807966955,383.64423860769625,359.54314243510777,378.9403794137438,372.3085272121649,387.974895796658,359.40449240832345,375.1585725500163,375.9923689623519,404.01885593607125,382.2067451431482,354.8616706013983,333.59709149533893,304.0973672027955,337.70790506311755
256,266.6855178462861,245.74508403791464,269.184428762606,251.45723646173104,234.7730010729106,253.46287542155994,247.30061429405166,272.05086451163396,281.7297187080157,266.9047489039291,273.75937819730785,299.41169170566036,289.9254989443327,306.478449451029,300.58675807742975,303.6018959219247,319.9608978678013,289.19781385949034,286.04428042340874,257.7092265428921,273.45961465593865,281.0060532188984,268.8911294461479,239.23083538364637,270.207040916119,257.25730135445536,241.53367577222718,225.71018227723792,243.50415438067003,235.5418307658724,262.5993378416416,275.3930126955187,240.66705610217716,251.4894403431901,235.41455791388813,220.7747265626112,242.15769089773613,231.71243166112913,262.0241762923448,267.1608281590784,246.80378583948092,280.5137825919896,283.7646922547677,260.3477443036139,261.5546962154491,293.70913029106606,288.4038464500214,283.178032282653,280.45690283838894,265.06415141920314,241.38900433225874,252.6451567733068,280.48831249368055,296.98939442677994,268.72251296140854,261.7819412852885,227.15265287867365,232.98050419362275,252.1170264090331,239.47966206987292
257,539.4121612561632,537.8290562040131,549.6708276028091,576.541393232513,581.4575325626361,594.5025916362844,592.2271443397626,581.4821014580983,562.3893923481285,548.2593606737234,574.5325369638084,542.7907796337549,573.6913590005327,558.7429508758723,575.4639250628107,560.1126011473359,591.8436983936572,558.4177826398997,548.1501040047218,573.8723772966289,555.6248020203855,539.9181653819147,567.8307925067179,588.6203442103051,558.5259758406163,564.1385695314706,544.7762327152653,524.8359117388054,532.9141908220548,506.5848223136057,504.469352383814,487.3768737822156,512.1514468626307,515.9660431283999,496.02366131671295,525.8762570072394,548.479014135712,532.049470261326,564.3230338076138,548.064758007557,533.5497765508453,525.5672113521798,502.10357678399953,515.1947064938932,519.2083193018389,546.8206930104735,528.6819588057308,505.59812086767477,495.70175835524185,470.92936620080803,502.15993817247073,517.3812069533293,538.1146227787707,555.4776764148169,537.475018648905,512.3209833103216,507.381334120983,530.4126726451966,518.5487456472504,484.2181516032324
258,470.82306680615875,449.82748176588024,452.825943133295,418.86754663508833,419.48703652859876,412.0396305323034,438.6684696210924,454.1954355821745,421.7174064253772,441.98397419009507,462.36989599639134,473.80856437970937,503.8593358929657,525.0870828295951,505.40998935173195,497.11820130343455,486.6128268739806,486.95637402473886,518.7163274385733,526.8082132299202,513.7139473893292,544.6201890763099,558.6391921743887,542.2648288181289,570.7207226342849,557.8464789650054,558.9812682559193,557.5268674542018,587.1810285851449,564.8847771743149,553.2162494549567,564.4274622885684,591.4905614925266,561.48910377097,541.1809500943518,572.5433638682479,586.0907262843,568.0167472670935,556.9722900027757,554.8396609494192,567.0056259321078,570.1532646692363,585.4821098138284,553.1643350609347,575.4971870369966,543.9514057625731,570.619580514097,538.4043192063949,512.3525894029111,489.96549543010445,470.57905017987986,463.7023952611976,474.58613574260704,502.0683724761515,503.78356918570483,506.05785104500944,493.4092079014873,514.4568376028967,487.1908735711705,473.2680962172436
259,256.8529372208744,236.8455945387094,250.4125174797749,228.23938608056065,224.35065169597422,252.500128672899,227.98520636824603,246.13729872887723,241.52101284450632,270.6635776033084,285.1920801798837,254.35219638579792,282.1026802572614,276.0756028747839,261.9515243036708,274.0462658130714,289.30444029936234,275.5319946803226,265.1479529001158,241.09108856558413,253.28689555238736,285.34434857799033,279.50806094202784,314.24249365363823,291.591515968347,312.3184781012719,342.2860558542699,355.44986054069744,328.10270079245805,315.96059556114994,286.95720248356037,294.0795709476664,328.9499875887916,320.18281051525975,296.58896349209806,280.39377711878984,285.34991496350307,290.17724004190194,271.26469834744336,288.8140301850911,259.97489058962634,268.5877103831079,263.38663680963464,237.2888881986619,253.1712733772655,265.882635884176,261.6840565783594,282.5435539409384,283.1957148496724,268.19852649657037,299.9506159522414,331.0336985947323,302.7271962250164,333.95288600340325,353.23665265508544,325.70174403409186,327.05451306374687,294.5011047691788,300.7210997084402,331.0442346392133
260,359.91970024447403,360.5234624280551,341.4526852412424,344.3189220362649,365.49914884830036,345.56722802390647,349.3113013614227,339.1363307596767,356.48737622483975,370.63008256184395,384.5453584898299,375.9915778505375,382.94112905847095,393.517091916524,406.17406998240506,411.44201476503514,437.1183470426609,419.5342475915611,388.44072284685745,420.81596461802343,390.06732548169424,418.2742213871311,426.13416697392677,455.4459939459487,459.99276908533346,482.46337986982996,497.9536982962473,499.71154765249423,490.1441989492476,455.3443303974316,437.90769961728796,469.531376210464,453.81370556101336,471.4433765473674,472.03820956456093,458.63421649039685,493.0107579177635,461.2989643444991,467.0443617976808,464.3506369183606,434.7074855975049,414.69422000457973,428.2911581620321,400.87416224757243,421.9459199860523,430.7001895627002,402.7602212045527,387.83724521798,362.4396955822605,383.2717862713042,385.5789600301009,350.777055600262,353.78031090623267,352.57656880477924,362.5919170142546,330.0310008983443,297.5108063336576,286.9665736903326,300.1642404216367,311.8233069028454
261,325.7401600998968,305.86488821929953,318.6836800359739,285.5815715653401,289.5564047839519,284.2433097270408,265.9793869825055,267.40025323577805,247.60198919937426,255.32765505556722,230.75582359141126,238.56281331793804,247.33987051049053,221.97623798330164,242.58202602410972,263.20467475646075,295.12982415323347,274.34866882574215,253.95734453321268,241.02032417069114,269.90089013792954,263.3808915964306,249.50645851174747,267.8109473560065,235.4702597864415,247.69881096029914,248.22637714670924,259.5075208956331,275.68449803996197,263.433685028131,272.98288804975795,274.6858972570276,249.06364398434695,276.48659388159916,294.30790562975903,323.82369502579104,339.252016428271,321.3884756612464,316.52531142076566,308.6061012019065,276.1136364861574,269.85200719467946,259.0418689745243,224.31653400858588,253.3059504255269,229.8274793420876,242.45642293483692,265.0847808735769,272.39847671056356,249.25306248734913,259.72195808773483,277.75374069914636,302.5872568292389,289.8930200108661,257.26751804838744,264.8238924993909,245.6276882094644,267.3438630674193,279.935582723048,299.05866255036295
262,587.6618561221326,580.3332448171068,594.7691322859492,585.5930600427871,559.5724920429884,580.5240646086155,583.3139460423741,598.8597941585884,572.6574763472912,558.4253617255431,580.9297335877092,549.3301909079468,558.6541744309926,561.1374981222939,537.9550291810228,514.5135488292399,536.2273823170184,502.30854319765564,519.5874440193516,535.8741499096657,546.3517482554715,540.0179846711602,507.0004325178547,528.1247992983659,501.9243035648168,486.5794274559962,517.8542323313804,503.9845041875124,486.8442447151569,519.9801835916453,490.9954377383421,467.24376489255644,462.9259909342814,483.06310988318995,509.96823560921933,527.862736197013,561.1949884092128,527.3742183916999,535.7396772411006,508.883911373046,537.6093032153868,568.0808077305443,553.3592112941352,576.298808756945,578.2967358435814,548.994777934995,556.1885490879861,589.5125418430229,568.5269570055843,533.6027878673846,566.9782052716071,560.1381003143838,555.3033940634206,570.1862422599822,574.3587303239678,557.6715819197306,529.6700334256483,552.585409821952,551.4218121662002,563.4950127214706
263,546.9917860452753,513.2323525952409,538.3893219812293,556.014990164203,587.2925126632555,563.4365430475959,551.0061066514502,562.3096186343265,592.1151278406128,599.6856265029104,579.4024555459928,574.3823014127968,549.7207109860698,563.2989866927717,586.9149162952757,590.3180353348862,570.7709820403537,597.6404838055254,567.1365740729225,565.659071602598,569.1153514967227,569.4633783858403,584.1329796385197,580.1418831454457,549.3730586100231,526.9626743505953,529.2194057964525,542.8377378708918,543.8299551256323,533.7154999664648,502.2949192886753,522.3065822421331,522.1101790349993,524.8254181732958,522.6524879920499,506.2266670942522,490.5728096263356,460.0178647338349,474.5497958679702,458.58089698731675,444.4801913595162,479.025199829715,471.03207873740894,471.7808832801895,463.83400033347226,449.14737826057853,414.5569299378521,439.3989742821199,437.5197315629242,452.9120528225834,485.01802123665334,450.2162150334149,462.4689875125129,435.7738367948886,432.83139083266514,457.10613649506655,427.11084592397935,461.3837898654838,467.0422978337692,459.6918399579701
264,227.41390082745366,244.88945584039806,249.6387205900116,233.91781554170643,243.99162198091824,220.75445942865818,255.7357818006446,243.98379268223857,248.3253236226605,269.69633146379067,284.5908155153299,311.78994836447697,342.6827499451355,320.9251981127812,313.2531873485854,326.3303767859528,294.48207606608185,309.6682194986327,275.0100602987201,303.99625363744747,319.26811511935966,323.8530571919085,318.87612525299426,353.03785905124306,369.5936803864061,391.10418741237856,413.8811367288144,380.41238205896053,349.2402890133187,328.1258380137269,338.99106973982146,347.66751347378045,335.42896231003084,368.538875732243,340.05634068121174,359.42674927522205,358.0881476531891,352.406541651266,319.19609117490893,335.1420660883244,354.1523518420126,341.4793766172201,342.6667775589293,350.1177261853697,340.85289318582306,348.9436336169784,344.33252777615076,370.7974176608289,386.0933435291719,358.82834234922166,379.8005652053339,368.4259594029845,398.9157489452251,406.1517385296888,373.0821957745446,389.48758513161874,363.638990959592,390.0477147666015,421.43083629561966,435.0987460076736
265,422.4916551520587,429.6360657003673,424.65592768408254,395.5067224251039,425.525767343506,413.56882477631694,400.46816893534515,378.8609032436428,413.3294806620551,444.3089912716755,433.76925716143853,416.9696338275822,438.3455009053474,432.9282044190772,465.6733679252472,493.75853899790064,511.92013295611406,483.21483326411976,497.3637748230048,531.4715819032662,522.6020592121298,549.3118894255817,542.8818181798152,575.874498229472,579.5184160274739,549.8724156736448,548.4056173892684,516.8866301271087,509.54193078513623,538.6186157750119,519.8727693887073,551.412513854428,523.4071269788878,534.9439352740799,567.5419242046149,576.6698655633346,594.108887044974,599.6332261255883,587.3331577908775,589.62120516558,556.0726547118499,550.984381208183,536.1629559535269,558.8559293333278,571.2863902140192,575.4329382257074,595.9231521293958,564.3958258291578,596.1647148841779,565.077941016707,554.342122398064,563.4612789338668,552.3646132045901,565.1421526851957,584.311228190016,591.3071711471539,564.1432047765884,541.8885735098077,510.55055546483135,509.91018418830924
266,272.26277516147394,259.5645645585717,283.3949669084025,314.8010928986404,337.3464092129312,302.39179603430307,307.1534929280171,283.81970199770274,275.1219857821758,270.07631187233807,301.0821649191807,310.44387615152436,294.17972979013666,304.1753686344774,335.805952063252,304.9470907496981,327.06622749868177,307.2490563986715,282.96661304314847,310.88729735029,276.0167593401428,292.8927611662453,263.99874985850244,272.25842051134555,280.7212036086853,306.1155270730876,328.69798187915603,341.6594858951787,333.29781722464395,309.9462195179739,319.4440243449238,319.23191025447767,289.6878686141748,321.5772009469945,308.5865673408213,273.7364208902827,301.8547421589036,307.24830374985027,323.5625508983725,299.2491877190494,292.5715849008723,302.7258709878346,285.29340055925695,299.398326722148,280.7513713093193,260.39031920911043,226.20404472733722,231.61569814447572,231.50180781839828,255.5439617034822,260.42365513523663,237.87136899648058,250.03767715357327,234.6623274601443,241.13143356708946,269.85639181016404,285.2043271763186,295.7813283454042,280.4851697979539,254.20588634071441
267,506.1206140339751,510.87294095232033,519.4661528400169,552.7240851965574,542.1065496082617,563.1588766525525,567.2858555136086,548.2162814839662,516.9184647230277,525.039227162255,510.8723567086851,524.5558409623463,538.6067422840345,535.4889750313873,538.0367732101591,546.8950532469127,544.6973993129179,571.113341729353,540.9645479892613,574.5518191494149,541.5738658918395,521.1406108045865,535.7221606303917,506.6693787843045,490.0214715048237,465.7998390382451,481.44984850538003,486.97518589709017,456.48868872253456,453.69808520064703,433.2932901617702,466.03219202053833,438.586448332172,445.45031060765444,444.1796171169317,449.64553190681835,481.60003145624864,470.48976290340266,487.90340902817815,484.22606243046414,495.4793754612516,486.07540370257203,466.9739580702341,437.8271032266603,409.94969081912177,442.1098131325679,462.3017765098036,444.44892400777405,446.48923058639645,461.48552129090115,451.1631744310756,446.96233850226054,462.24907287235,443.17087490506935,445.0149799977354,424.7211520157717,389.9365840868585,403.25504557640875,417.7635857498957,452.4641746516801
268,288.7858688700238,305.5564916246256,336.9142113300103,347.0348349067877,379.4546741396937,414.06554310913856,435.1792512331463,470.1292648425577,478.936976994101,478.73087547705836,507.9654132829737,531.1323221833527,503.84016731741417,490.0307525933277,473.27591102342666,498.1442271798663,479.4714019813425,465.7545360545292,467.06974185523086,437.3981059251941,469.68418090984835,469.05857526736173,447.3889359494086,431.34638759707053,452.2122498931719,461.59270350566146,459.11652520129917,447.3286209184602,475.3765263290805,494.45604414953306,509.72388676402335,505.9439220872296,539.6251326404164,554.3300534154578,548.9837841645239,581.2224272257258,594.3923434124091,589.4405958786276,589.3844821430422,573.7084699200279,569.8047585743657,547.2927335873105,553.9704707746799,544.864629159815,534.1853119497397,565.5612860294043,542.0036357133606,565.1017865999089,549.7759368416514,516.7818308730532,484.6142464610711,479.65667094208214,476.4689343724753,463.8865133635797,475.7010857530853,474.6750802475778,444.8629948907588,434.2279785346881,406.36536990418136,375.7694684764983
269,299.15651749902804,313.19679978033776,326.9169149811387,352.21415387838795,370.16350435271636,372.6482024609966,359.53104862164486,324.9378532833874,335.23747697353303,320.5174001065723,303.0244072275266,336.262195081721,313.4590085501586,280.7294403396164,312.18676800306457,298.60723854701496,291.1466420904605,261.8120853665,255.09665037823248,288.152140732031,301.73352098069637,299.9012601190203,286.424275339885,277.04735248955797,284.83332298677186,267.6448273691435,243.2811541538075,260.5770106724107,286.4398950707302,314.54761866018714,338.44691589164785,340.5888936106422,360.80706144092807,390.6519626646451,357.2873439371445,351.1342191767179,330.42300274663154,365.1968177263482,395.2664384006704,416.4194549759894,402.131041334821,433.77819985298015,400.82573065733027,378.98851011356055,387.1696729097254,407.680142753807,434.5343024718969,420.56990522098505,412.9262272958549,409.76414543261717,376.6523127299912,402.1301604436384,390.7865495206711,369.7360412835467,363.37983570054337,378.1192719434751,404.08336250104185,384.15971513613545,361.24262282861315,392.3074305760372
270,429.3393472821557,419.94338861159036,398.895750466079,433.5630980199697,448.90599811637827,429.1579696887798,400.5461308266805,379.4958949044577,361.83787717798816,334.61387262630035,315.6894685762619,288.8640479215671,280.30526698362644,279.3389351255154,276.2088832061796,299.25358799061416,282.03326503404395,309.12983270622817,337.6984300032443,369.8844098434994,347.5532362154413,329.75581645191727,338.42407586693577,313.286490191292,284.27998331484173,254.43878815704306,262.0902960730587,283.4177660137578,266.539762399901,296.8871344987062,317.3226200516398,287.74484842719477,281.2560674239318,251.01710804632995,280.4184715984231,297.4146217115083,310.4727808363385,323.26191009933234,308.2246852320344,338.572426096084,368.1667921715116,384.9310088277077,382.75612332273323,351.0542244780833,318.0360189876758,292.70542229234655,299.4089508508606,320.27590739518917,351.6685106143425,328.94385616367276,313.2308078194038,282.0178279132129,316.25112959487444,335.91518513964957,334.56517418295147,339.85474905412264,344.20695784743907,327.0122105674596,304.98955916799895,290.7778593315482
271,313.91834892253695,317.94531521304225,304.51951162183224,320.5456470349296,325.3014283349221,327.5598919139054,359.1504556101527,346.71912308677514,356.18801351357007,321.1915574054901,337.7762127148989,337.95428774607217,317.54123475598436,282.6469737059876,297.1330511862503,308.5221004347905,320.1005985883602,315.72243620679245,325.47324901068885,330.46668431811304,312.18933744090185,313.50310034369187,314.52459596701453,337.1781981433507,332.52242973030224,328.04841023394164,361.95672322317876,389.5691943233041,371.529213626366,400.24973025317274,374.90739619739503,399.64477030919505,377.47740668029627,372.26964110318175,406.1441552919655,377.9375808506216,401.722728248382,401.35410471531816,374.1235003195759,405.79789685692606,409.2440926266719,435.8889641613754,461.72645010044795,427.7508709062968,411.28972015590534,399.87423072882603,402.3147139167314,372.3453346056071,364.57301748868537,386.5976861423021,363.7210641928108,377.81041741315755,375.0334760702667,344.98283439302065,322.3990189870475,297.27117020841735,305.6514194507301,276.7641273725276,299.3774020269521,320.8435411925349
272,250.42355890589732,278.1090216857536,310.2502794830875,278.29304635577466,309.8161161253529,294.3784679826309,305.91180383885427,283.1489060754419,305.37081554776415,329.3047494569938,362.78864782074845,397.2659901727067,367.5760297170287,378.63348180649393,362.7467142071544,336.5371592013346,311.95283851139146,342.50344523637983,355.358891920554,323.8911584883869,357.7872639586134,379.3341205038634,365.97667189941416,363.9373404518132,379.79765899595617,392.1199050047174,389.5355679217139,390.4028609706486,358.4273985997989,358.4717257138853,347.28900813456784,332.2425921678148,316.1161619015878,326.5424447165392,321.5904781670315,316.39664675698623,292.53973615158975,324.87018592864297,305.54502010018155,298.97266456223645,277.2869980548182,291.50699772205854,287.03600997431835,280.99150570558544,307.24814768282016,325.41173716836187,326.8029908706045,324.6043191534841,356.79741699927797,388.74976852766457,403.0837292813567,421.294084135407,449.2305877061741,481.7322006171257,452.4914342560834,487.3051525290241,501.516707576882,508.00884737029594,501.9305461431788,490.47783870120145
273,525.5998792391114,536.4103331973743,515.4596950148789,523.1534676142593,498.03509473476186,497.8163325901909,503.6583672386163,513.1562521906985,488.324605471339,460.0165024768929,443.12607409516795,450.61816234599087,480.8359593239555,500.37460648698016,517.5743432490501,505.69060736809024,478.51012395235136,505.94588238076904,506.00562773193303,478.0413869662307,480.4891980744332,492.7679150610012,480.1609171331649,445.8083423510194,454.32082970136275,422.1275159914267,417.4230463524098,440.1573123212891,475.0766465852627,465.9978505641544,432.4067354191682,431.9099525548823,416.2492303751218,443.74348132636527,458.5487018493038,451.8513306657205,470.19330682999237,459.0777176545976,460.6011686125629,490.19613819850485,469.2071468350969,456.12120696856636,483.1127458454535,480.4442310671823,467.6964490743328,435.30735598720867,429.63406861829174,429.67614641410836,423.1194471265845,407.5415934905236,398.38070563929426,408.35184153805466,435.7414219354648,446.21872951588995,456.45010003405355,478.631340372715,455.1913348140436,441.2681688761133,409.80953768435427,399.28418346548114
274,599.5530372612722,576.2261614691969,591.7583207107684,560.4674931067117,557.6473585402316,547.2497591169462,526.3605595431453,517.4359975371258,528.0254653361021,527.3470305783386,551.4504127629309,579.7966752423146,571.398761699762,598.8377709517017,566.442202298945,550.3874107321825,544.5571996607828,550.3463053858657,553.5613872777903,558.3197607425355,586.0573113251397,564.6420981018882,586.8218602930922,578.7052889463865,571.3173089570668,555.3847616352798,541.66957782848,533.863168829622,552.3089029966004,550.6802051280594,526.4485630959969,544.6389855099928,556.0755846641036,587.5222984521854,577.6576631640825,580.1837580897807,571.4588422763507,579.7164048656797,568.8265240188074,542.9489664032842,577.0167929442234,583.7857906789014,579.9560810904494,571.4553658250361,581.6628615105744,553.4246730894847,541.2526109594033,514.9815655128053,488.80332223967963,455.2976503810837,473.2101894409922,454.12179316475476,477.3623334996329,505.6727494910941,482.4723736667266,497.0928566302424,494.31425762454666,523.6415386429702,522.5507422090859,514.0719142600803
275,331.9347452314608,360.1882460474318,341.02079728602877,363.9608326986928,342.55395402914843,352.59173382689283,349.1663286075866,321.48893585875413,295.3042461609478,280.0098866550447,298.6755046018296,314.7013047604252,294.0597223589409,292.3938759786239,264.18296336601355,279.29920339883773,299.8303458500558,327.37618585264767,354.37840349995986,343.03086500018026,325.84823334098184,353.6094895732276,328.82997781059333,297.9840628290772,284.98107129081137,303.20207436483776,316.7960598157202,350.8899293476001,341.0572793251556,325.36659136513714,316.841124012282,336.5990623124138,316.6000588908935,347.9424177881452,348.82087106522386,368.64102076943675,391.5493484833109,390.0664066969534,406.96240332513446,397.4910060006167,419.255966999741,441.92917760296115,446.56358496365044,426.8339320747631,459.74955433738864,491.038145249656,499.4255833702096,533.2972534248811,533.4929941722673,524.7769004170896,522.012111520966,490.2256027939517,493.664132167347,505.3004030067708,477.96680116791623,460.8586311866481,476.3415188762051,496.89283136132565,530.9035248154369,513.6291828277895
276,539.7469992325407,516.7942067905324,490.95569446843734,506.99994515073075,503.21101115161156,523.7856560359016,508.5651917093094,488.4887631062883,491.9046751739018,464.97640840086694,449.4888533802717,426.1254441823519,413.5287547464228,432.1136641560312,405.5656277605804,413.39645210257635,419.3300770364022,421.9992210781122,420.89655332126154,432.36679561444015,456.9935414963431,433.33610618076193,455.32529874677346,424.6285938508571,423.3773053398465,424.17989180220667,403.01090001519805,374.2880173901557,344.5317856724938,312.138164625524,317.28967631385274,293.1728990526751,314.782231512771,342.7089219851084,328.17749319911655,304.69014329762615,298.36297459103196,325.0728886809511,318.06023151483737,290.64377223579095,324.57053872916634,324.54782171451535,313.51382469787916,341.0672799869735,370.985524558062,370.76183721366795,357.23198477920647,356.0163521485574,336.3660887304705,334.84275558619566,315.902932983523,324.45712625901876,342.64936893389637,375.5093141131852,399.48924696449205,370.5186861009508,350.3252876968669,352.54371774837625,335.5750873416062,301.58065183743724
277,506.82056096618777,496.8646014973177,466.49160376670807,467.1101529232926,500.51476284367993,513.0124666932732,489.1260946202607,490.1267856353395,518.2473574778835,487.0444141645297,496.6969382180753,512.1860475027381,526.4668664547537,501.9787957530496,530.4882929731178,518.0472862630329,486.66922790040326,457.4946933141817,454.5251100401606,422.3238501856939,441.89252642947235,467.5001718473946,433.4362940988859,455.137239331793,488.8216921687509,455.94746344615334,471.6951705695265,506.6317560853611,527.4300571259379,527.8050473383976,554.7426553835163,569.2979251266938,553.5126053620647,534.2149901074736,535.093097596797,526.2024342783096,514.2651936348698,491.7199308057517,515.8899510277705,530.2409660729119,518.4334689490239,500.070164659987,474.0398185705915,446.91572539765616,455.6991983628524,428.3164008275372,460.53128450592493,445.0707416187696,411.8770818594978,436.7501625285208,427.4812802380418,416.488892046289,389.79233487343583,401.0218789487594,391.1374149600198,413.7470320296904,422.89031328379946,449.4841779653771,458.06345902454245,477.6129351049249
278,484.68492826379554,482.06639798864217,495.2735774258808,506.72676865496487,472.19602204979356,486.10067776074317,469.45184288834236,472.37944042834454,445.1727076171044,411.7842827271682,377.8426623414581,353.9162782075636,320.3087536702742,294.5765731298455,298.7187255049737,291.73782371508344,325.3901922964292,346.9987975116333,322.27310032583745,316.4483578681113,311.6163136275438,301.9644881541338,301.65577280142134,313.5469909826039,323.4092710787796,313.40621256812835,327.75940618852496,313.02338409496525,336.50613319081185,369.0121762192937,354.64374203071634,374.57194072464654,396.5117469946874,395.86518321212895,367.007495027842,387.0402273347919,380.5637040110683,360.12869329619093,368.9942095754455,364.579876973099,335.70994838071175,369.56717241538126,351.69350333247144,352.46105721604664,364.1712355372183,337.2274910451267,353.98619761537987,364.36641570411865,363.9291185155948,365.9122179324024,397.7478698532253,426.5107184620528,399.3495511330429,390.1621948477259,391.3361950715992,420.7345042847239,442.89393734650713,434.9477265561161,461.9824549418613,453.45350063610994
279,323.05331560563764,330.7457994646696,320.6589223017058,329.2274514962868,322.9053367494525,343.6091765233342,375.4109446595081,359.33258718050814,360.0332930776078,375.74356354878904,351.8399002132895,372.5533305787053,378.3613678938852,353.8432045677309,379.619275644017,374.48836381082367,351.8517180255491,330.5294635292546,350.51491151289736,381.0150427538458,372.4925373116363,343.01050258314257,315.0681181449126,325.8816137884822,316.8342335297595,311.663438343965,300.25675481435576,297.8444544336262,307.89291613523073,310.77265760856574,287.26955729916915,286.65976293523545,283.90267707267935,287.1042844364342,259.8511866092611,235.59808522225256,246.82934011250916,237.02996692470472,252.7284979582425,245.2458912607176,233.29836160531377,251.70279284247667,246.2747416872274,229.65766341716912,256.11951916503676,251.34262900087978,280.7081720579284,259.24623705400654,285.59075347645967,307.7044514253945,279.97855911157063,282.19625120709287,292.95405141734415,292.637805048252,284.9562209412675,316.02516985672673,330.0826300386821,362.6935214681965,386.9296432279199,409.1288411030508
280,495.7402703140037,505.9658172641724,533.0461636420378,540.9848477284522,511.25503579321565,517.0344821227468,489.232942733821,520.6840176423909,530.950845969481,534.8460858084159,513.693565099732,514.7972585909666,503.7744288590206,516.0514606196255,523.3601464417804,523.3116427422746,506.0035128433791,507.8055319714576,505.1243139736233,529.7129253959861,557.316539291381,575.4639800789696,559.4940709033974,527.1603366326682,556.9338537797397,591.3747113958466,561.9160288108856,574.9091504757097,565.4565669655958,540.785185793765,575.6522775613547,596.0372845876869,599.322394595903,569.4562683784486,566.6988374442781,592.8812541865063,586.3180811481072,572.4753308688344,569.7814673218088,537.2990073394352,545.1052097164356,570.2852958854539,535.4660846004796,511.6636120358203,512.9229205761928,517.1904233976535,506.2250875593033,473.1805011589212,490.2325078474099,472.23726612456994,482.35767725762605,486.49794913306135,481.65661490525616,487.97688013474175,501.6295922126881,506.68669446890544,510.7134747160932,506.23891699608924,501.34133356913736,500.7089525211963
281,391.7896066192951,387.5213275207861,367.24723250551506,382.9858869794049,357.29255980307016,385.9022893898528,394.6415241439039,363.06457168253314,374.19448066491094,364.50047897031817,394.58401807696333,425.1093021312429,449.32428886094215,454.0737119991188,483.4161503904836,493.9027236255837,520.1617575085614,496.3654814575414,524.6581033977257,535.9694520173084,522.1986266370191,557.0455735396821,570.1274512544952,594.0587162596443,559.287394658802,562.951083327245,577.8283669773342,543.6137273609022,561.9928731195017,572.594246641237,554.7408298162819,567.9669760606243,541.7416685413956,564.4242724552121,590.0600306633073,576.8773490236947,571.3712330420146,561.9534562740215,551.1268352382875,577.2297147580289,559.8423250859006,553.041825915708,539.0359666668239,550.0058599223148,572.0011431001255,547.354112345302,530.1860884579683,502.47362805498034,478.6865050468628,472.16821875876286,491.4795590384026,494.39281448622665,463.1221539383281,471.8782264162066,492.549518238389,485.0922643487484,467.24314644480006,485.7187874185962,452.392224145861,474.48359585496235
282,525.618640986796,552.7776561353905,524.0412519790443,496.5843457123681,522.6770433872681,520.945437088622,513.4091326073826,518.5396821665082,487.64049707745903,497.7006289701847,528.8564497214425,541.156842313136,538.6743001747789,570.9359693775831,580.045106001928,548.1753607084587,560.0786179353779,529.2573283280839,515.7634201233816,523.8612637515719,503.9543848846523,471.62762780625326,479.88438602084534,464.8943958226561,467.2018915264,450.4820820497235,463.53210133474033,491.2311987159196,462.29073491161455,482.33304289344767,458.2596967518721,446.31838185442393,436.3339525621709,415.7756517934492,386.04205565386184,404.83610927225874,425.390037021388,460.16836734784965,490.59066477752253,486.0156344144601,460.35279543238426,426.101795993751,428.30802368855154,453.5476724468509,437.30093421748734,416.2268299766522,411.9535660006098,439.5008620672662,436.11803029119733,451.70793371103736,449.08476842326587,440.19189012427194,436.0557339390019,454.8437712261385,472.65219513759916,467.8752676406772,451.6084874206838,426.34738015654597,391.4432587628122,364.3712895779425
283,282.56900077292124,295.86464614159746,318.11875752661035,334.704954162795,350.33124786695987,384.9336908976482,417.3155326501176,401.13483630916414,376.2918887775491,352.02276543304725,379.71523238283703,351.87951173974193,340.68960356144134,342.8138605509164,350.75539580873954,357.45668045578077,377.5052210055755,382.52374945356917,407.0970072067691,378.021122891822,403.1487046410321,409.44892589542235,390.0542055049469,423.49622871379756,454.27762787481566,478.4784353919755,507.2901648849185,499.04008535809,479.9864264295612,457.78969674570743,483.95289454147166,506.81708896454774,540.4827757979934,564.8604228997802,574.1260368746346,547.7872909306018,524.3266186153979,522.4855854911442,541.2312726712498,518.3605499836925,547.4467755387122,560.3121266727921,547.1737630040415,574.1769344552799,575.5874685762092,584.1462699281458,568.7474438433659,559.8211730496957,525.7044029833987,528.3575445762493,546.61332098462,579.4310369356823,594.0111570697154,562.5768212495075,596.2132296744841,567.0111028268599,534.8064186325851,552.2315071153608,580.6435586384014,597.2703774760083
284,533.4909209511605,512.8343560509571,488.6145600655659,457.7423534955676,463.48018908815624,462.5856714195691,435.2355240101151,432.7734223171245,437.48607365453864,453.0928987002735,447.08672860261294,434.37139989810373,445.9689437688928,458.864598782081,442.7945977489683,409.1822135055671,440.3805533875435,458.25060183968554,437.32790525212033,441.9245008216909,448.5708279690158,422.39003220871336,400.80602832248246,432.77548447494763,433.3362446764105,411.73720003395385,432.56743282053446,430.5075639978776,440.19640982696615,426.0215171816667,395.0748040596063,371.62089970908943,404.73348292930837,413.3846734372834,436.5606373374918,403.06700639215916,421.6493814729649,420.5960261308953,432.16757751187913,422.24193033573334,430.70274821305566,398.1961319581987,366.38734183576844,387.30589052912876,361.01845927515956,326.9973346961891,355.86928897075484,339.45651236280247,345.22326379355314,368.94745173124846,386.1609472910285,354.4248947477938,358.69130380791285,361.6171545045936,351.12276697932595,368.87217567511055,401.3525717333969,376.6556375089109,351.82131777101625,368.2528391332771
285,392.6782358631857,413.34356100376584,388.21899367906076,356.0090217690155,369.86440700863034,404.49418071541805,376.1300554361171,401.63370769765004,393.6039895517891,359.77925772230657,360.4807832302913,345.0005777290287,358.5387976354413,343.68694120589777,342.405949846211,321.44551744030423,344.41264050335343,374.192842834121,367.42634562927344,363.8479479090322,397.63580503383946,372.5838884045659,394.1872544258686,398.89675683538553,425.54816629867867,411.01816443656253,396.74922207198654,384.556618435865,350.7207941984719,327.61329713393593,362.2343620123237,344.660762177199,311.05495902044373,295.5527810031384,289.1400927620595,292.48520231182636,262.2848237024062,282.6148480817398,305.39993685553384,285.32117737655295,306.21045055300146,296.51033407388945,291.1280465256739,321.67522432765503,349.10853169485625,340.3662816181905,339.5340030187727,324.59066818108215,325.6710662654885,338.4046194639345,309.8913582732287,339.280237105527,354.6014148756546,326.37410269696466,352.2033321354836,369.26113277248186,356.18000995077426,357.68032613162575,382.88947227490235,415.65826589122184
286,326.8094104601003,337.34848322301303,362.5657679025063,396.7374473215125,366.68774152675434,366.9412791342123,393.09788246297603,358.318951163943,353.925416536324,359.8193272246983,361.6736488236613,377.9677368670587,347.5542829538374,367.53345360484644,352.35539113419026,375.0514481908672,369.4156030654153,337.41990449162506,369.8939380886218,389.53238842341506,378.8795106831795,362.7814264584649,369.0088874499687,403.11950964764253,388.4311873402249,419.81016551245557,407.9372638857568,422.2241074538028,413.9455124992456,384.899168179851,415.43242377278125,391.90738340294297,423.03578616277485,395.2672639777947,378.9535851247496,408.4182300333685,419.5160904368986,397.7799309458173,404.226462747687,381.85384731017575,408.0647920470997,376.55279456079626,378.63723340522114,348.0803452132835,361.73193778801726,392.237744251574,415.41239572858973,406.4333434892742,388.01668687285735,361.48861133993915,387.64229045671647,358.31992949003535,367.33797290047903,358.0466957652485,392.751178051216,393.3688099975002,396.78417647673893,426.03639142777854,458.91097465533613,464.7655269319539
287,522.549188402093,531.9828608396842,526.9008933192375,495.9129683284663,511.1550394763912,525.1734335416367,498.3425950098474,479.447416256793,495.6963893380224,471.1762277696402,484.5416801799318,499.80008356427317,489.53415348006797,472.60688296462786,463.71964174188076,453.8634052393833,461.3547916387041,478.42417261902455,503.74685705855006,470.84631693869807,486.7049259545539,473.69794723479515,497.4028879845282,467.703075166399,471.28529087851365,474.6924421612946,462.5482445135606,495.4697063282961,467.95432691010427,442.50213325754885,452.6003051307281,453.6012508557838,437.11394985442706,423.412975606448,399.40460721606536,425.1480969398965,430.0144180596748,412.15283839044304,404.69229143009704,433.16024523143886,460.23912654715326,430.0765949250778,440.86360460465704,416.5715865725377,396.3334221609157,421.8279536181648,449.49127584148187,420.27970995405826,446.4543430175668,462.4488917165925,481.74861714526145,502.17569008046826,502.6820191021279,533.965554111302,512.9907263899437,513.3382839161717,500.63696450836,523.2071515045355,493.99620135354996,489.35369543824874
288,513.9215093732253,500.78537318226705,482.61871308119845,465.99715391684117,480.94846143529935,466.0232487440175,459.2110969264261,462.4078630471685,493.26106857343694,513.865397765522,491.83511426120316,518.6510105386137,542.7847308615779,559.9504472304187,561.1338654644549,531.0209123324667,545.8262792297082,547.1102311593061,533.794475966563,499.4901359678422,480.66356462218664,488.0618770527441,460.923338095981,471.8026475588009,494.17969377634176,481.4521776278794,452.1911653897269,426.9700807195622,417.02370599700555,438.9641036900955,448.36361406998833,474.1157494367213,508.7256473209,487.90528152384115,501.5427820604167,499.19895106482227,498.74241533109966,486.533113580356,475.5089686303147,487.84870501815846,496.3049092218796,483.6001591657999,456.90082348313587,462.37771359471003,479.135457742252,483.2389830572677,448.4945301992326,433.2566160723988,452.75716984684965,469.73554421622134,435.46426189412585,433.38499818733834,428.9972702728621,439.65696661322806,413.4055694177779,421.90463571953677,453.18889713081035,444.21136455387784,432.8263137900609,399.80545979609235
289,241.81012240306399,272.9227447373991,306.2078739951074,271.60279302566846,299.65037106969,276.82757321734744,281.1226835232975,293.59254817030995,283.7266579095505,285.7558243335007,294.6837775043721,273.25861846130766,307.85658197230543,287.12831046328944,252.85200299135275,284.07160096817967,279.1105400286697,272.0139203535232,256.31091264616583,223.11914752154757,230.0851139929673,237.73199077806038,247.43799715279508,248.57438851296948,275.88418938554287,304.6772797206533,291.87812424775336,324.0469458190355,349.5923378674603,379.52677502489274,393.96993679203854,372.84896582482645,351.5149113108707,380.1205207267467,380.6137029221577,407.94641442291936,423.3847659661715,403.26062726962624,395.193814674033,427.94157972560856,394.31237302665386,409.33324344314593,442.84782223841034,415.1381084530643,399.1776082993458,402.46852674702916,426.5320716892981,426.98790257793905,396.15962586755904,370.0625285007398,361.3785643190193,348.9564114822577,329.3339156648025,353.1429271978078,320.0246450602193,343.07874240461473,372.59635455981817,381.70412627839266,390.47865417953614,365.9098940885199
290,435.96074052011613,427.2229480957805,408.2564314021942,414.0895003120814,379.1728330064456,363.5217284143967,374.4446701145873,371.29751285010127,346.4923506854127,311.58461850790974,295.51537049280734,298.94952190966626,301.36771146762004,275.5427444236544,283.5015444348225,318.4262509105778,324.366934348855,326.3016066485028,334.88592530000693,361.4628876182582,392.6828417469527,360.5551878496388,339.90475405369955,313.008238534117,332.0730035333018,300.262403659938,328.44684994931714,294.8857254925363,302.064002398975,286.3543359775937,284.2937827234679,280.2257967038097,297.6483256544885,297.4132727286827,291.8987308375413,308.0181280184461,337.824612369786,358.3991804764357,374.96937268161446,374.1099183611101,402.12502424080327,401.16696626032143,431.286971232409,452.4915296019217,428.00974609463077,396.29919818554544,413.15909626617,426.1678375781937,433.314059148932,466.65080875014627,469.82902209418353,459.18201279127896,463.7296223488595,430.7184450242414,436.2669414441624,464.437055797034,429.74016059330387,453.911427445772,475.0464500327099,447.4736691184359
291,541.7955873862527,560.2437559875914,559.6170080167806,541.7819837047647,526.9490128141143,534.8082575971537,517.0495375534384,504.8244348506162,534.9831250311377,551.0361281865753,567.5613116667639,597.0284101046167,562.2484182484267,544.3624272845123,555.4206046917399,551.0996120673398,523.9959584366057,543.682316461622,511.9773938472169,515.0469717004811,519.4194749084572,528.936767281203,516.0306084717298,482.68267435795667,509.91150438360444,539.9558400215964,538.695050904881,505.139875648588,510.80085686422944,497.9159464806339,475.6899368589927,452.5166228056771,430.06450362899886,418.2233736695507,402.8667887680379,426.41652703976115,426.0885565570628,421.0238810296162,396.232230027629,422.54458554611045,391.3821399516757,373.1493350728893,381.6523943743615,395.81426433508733,416.89522457242765,410.61561567533516,399.8874217402344,385.08603499763933,389.85266197308016,379.2571550332555,367.22375188057083,333.4061116210486,364.78823074896115,334.029827851399,317.99083413316475,347.4902080470135,363.9645817153777,369.4343680084985,380.6913419321746,352.4855456290703
292,527.2859905889844,509.79346391376663,541.7284423652875,522.9246646308688,531.7001737670967,534.8728882079486,509.8901047857554,500.29500653293223,519.9854993646575,499.86666454459504,532.2666765835318,517.9505312888642,526.8210474524702,535.1417402237607,533.0962171753223,543.9714496669254,561.0218357347994,569.3520437286616,571.1145460108835,574.869213377853,564.039139059052,534.0002607582605,510.17914730105525,517.648430313834,547.550602783055,514.3524411830377,517.4349049773914,500.0792052880347,504.4009986719506,521.8770137133098,538.3587329651813,554.1007388124507,573.6253814282113,543.0818346360832,543.7522830103399,527.0767769863902,556.5657162565591,576.3672617979221,547.672910678069,529.7001397101816,526.5655575950517,558.9691611215014,531.646284009975,536.4043498079241,525.2944757301432,535.5382996514222,545.9477705430115,527.7891746108928,547.7958326323175,519.184205625754,541.4539266018672,521.2916067024319,527.5621575968476,516.8738384800415,524.5584263435742,508.2776757227806,513.1051327593163,478.67901097426585,469.89082300747,492.7380795418232
293,395.942502872093,395.8907798013906,404.4011584553701,399.79583037374886,425.49120131441583,418.72392820378906,449.7025986008166,476.0882602335147,470.56440501964363,461.17046624154824,473.53442756456,491.40589997174436,469.4162103844655,451.2893746075193,426.52705077291375,444.77548224609603,459.78361279463195,438.0173797969183,440.5986148277223,459.0953699719603,490.3873763639964,467.88396215316857,454.1870467454468,443.570831600182,452.31924673950664,426.8685662541357,405.4086011017332,425.03917971917224,427.9829363290972,404.20997253608925,396.400264896665,370.8148585698863,361.20315865646523,354.21710932127974,327.06483813505747,296.2531779680804,322.9653102861076,350.1006765609229,315.2811978258084,325.165484575498,296.7230151032266,318.4329302904189,345.0022977411815,353.16535861709735,361.0862406213033,352.08994625506404,334.5527741104643,334.50173215119156,308.86193779455033,320.9176804348143,318.8237631113946,296.25586853355975,302.4378662288095,323.11081478981055,329.3267771065097,331.4030759224678,355.7432993916245,321.4961763416826,329.66851029010667,323.34696311372636
294,293.55513648991433,327.1255859959413,320.3925540362446,308.86095090720016,285.69154168904544,320.5351582762293,345.4587531983067,315.3568225055533,319.9595938344561,295.2776785957387,310.38237764664495,309.26821769487555,281.9954451888249,285.98816757732516,314.735463154522,303.6190909178427,272.1754839511812,303.33998173970633,278.26592490036785,276.51956496205423,279.6469639114341,261.2430863341221,238.66234857679183,226.07129804914263,222.87315425167196,239.24435511966726,265.67487403673874,239.54798803240084,258.21735837891737,252.10081230856935,222.3635750478775,240.02584162844568,233.86696694130336,249.57693175569878,242.558208231637,258.35980131103656,287.6550367162086,269.77315606191075,300.56198889104957,279.8636091085728,249.8122508642082,232.48938473637685,258.69989267139226,271.12882983991017,304.08722056821034,318.7751322979555,312.65932085051986,340.1294890398212,372.19848531441335,392.61432978162077,396.57910079007786,419.38270548146727,396.915834994867,424.940336599924,459.90946537398156,471.4692770258557,450.18150979645634,425.2920761501289,457.4510845421532,483.44578203793594
295,504.49796359461146,535.9363113476903,536.1745740484777,563.3168222586431,539.7142442378297,517.5109245053451,518.3749377015724,506.65061396068916,501.9269627217152,522.8007517627525,491.5392747287106,506.99834312832667,478.17439192006225,502.4994654396917,481.63245189718896,498.07817632154865,504.5097342506869,496.50328174578624,480.2308192751103,449.252971413759,438.9895858976695,418.0265988597518,392.54047413639057,409.23534271763,389.111392088554,369.7324554286858,358.56615705146885,355.9518782249927,356.91177032527173,368.43000914410067,374.6265524927556,373.34442407362053,365.9202390982434,349.52527393328984,364.2212568911026,351.44634931866494,375.91704686547763,381.9484187776367,391.3245182746093,391.93983443605066,421.938758961694,416.45044876493614,411.338240504253,438.8492552082811,446.1927396754931,442.6331497761829,425.98372779235405,408.1368389459883,429.2372409088548,413.7998663425152,379.2015046637508,345.5637494146335,379.05193222639303,383.24058778999915,382.47231202015683,411.72363685773996,401.34175478706044,421.99158396292677,437.5182708575365,435.91502462006514
296,514.3601210343026,546.9646081657871,526.0071244708821,492.23278348595363,514.7345919244545,507.9856870235915,511.09386156964206,491.6662240209193,515.5914373506207,531.0758747857105,562.8115387593464,561.0791697713242,594.4387206645822,580.1596689590011,579.2386621381053,581.8289100719767,572.870592188253,572.8357921813341,551.7174989588138,542.0829130281174,556.2224401845748,523.9516673858302,537.9805857835395,524.2448809015136,508.2733894477092,521.817581952392,501.8637433428449,534.1815838550968,568.5291162150119,563.9794551871619,557.0787386961224,527.6113606440337,547.0866685096263,523.4773482678629,553.7906985011886,588.1321902280533,558.8692685151489,571.6796802616384,566.1864421632228,568.4246137000706,545.3798673677738,561.0263303289178,537.6892207964762,564.6602192385378,561.4384422425591,570.8792091982872,594.9851839362124,589.5136974870884,579.1148679271616,566.6185614596677,563.2200259016091,552.1371400743469,583.3700078420153,561.4250563524433,555.0792961342314,574.5549708598068,561.577613878676,588.6403766293442,564.9091326782724,532.1032715979306
297,458.9254226557101,459.50316469716927,489.81723028952683,484.4364931022441,458.9278111593177,447.0099987665622,439.53482546379183,445.3540524315982,429.5690868078405,433.09101922000684,461.6542298096243,456.31535429552446,466.9252188711586,447.94811996996435,469.0410131231859,452.91795724839005,458.50415279377904,444.521475675067,414.2396401793963,401.6160320186685,381.4581782684629,408.94534205664695,392.576690081317,425.7863128051415,425.2505196258821,405.7250672856175,398.1191566072162,375.9593348320473,399.3171626012291,372.71501145268235,398.8619540573613,367.07614744900746,353.04870265606075,327.8407730730551,340.8093612875067,341.6718824570196,372.42565255637055,363.058305832016,330.91074237705055,349.2268768007099,354.7919222780101,377.71239364511905,372.5420936902716,389.21477498522313,366.1893744156859,401.15623325391476,378.3115214947524,401.39756543087304,381.26823725826387,401.04379617985563,426.33146537177873,452.6963288064625,450.9966200903848,446.0135282085486,469.37890731770017,474.94315292425716,483.4325311284541,464.9572296130576,461.1882206072401,452.0496427719152
298,472.822192453453,451.57602205479674,444.978656925357,469.389901055228,472.64109845142525,500.36417686416206,481.6410979411297,477.4343315030086,477.46346712666593,470.50318563809896,483.41773500242607,458.828121813969,460.18614912599907,434.9002136593197,443.94403787444855,467.06140720366125,433.46120047221075,430.44673599148615,429.9359874182068,445.35378216392644,415.58417740217897,409.00563209108566,428.9893182731646,431.2394375789258,448.72867074685405,439.2093553658701,468.61549309787995,439.029661173246,410.41116957944183,412.4051829230751,410.36285235557074,420.05557927811384,401.0895087098591,381.9114890782404,399.34915882211965,384.7727228714468,400.6831443326469,410.5326332882175,381.36553402125963,396.14460880278483,422.7106850251996,444.8759230395332,410.4962536518174,413.2762270815211,442.2098319056606,449.12062909960224,434.44345404531936,413.0615789853052,426.00790604015253,444.9956814700536,473.87661501427164,502.276775861589,491.0263874896891,498.297772695094,470.40411570522355,442.01649421668935,412.0192938927276,441.91939111888144,417.589660954806,416.35249484901
299,384.56749862187473,372.30147629574054,374.94262196034106,340.13798429349225,331.7484379758641,330.30252220873984,351.53382924311086,365.60126929422603,390.08459557548304,381.4254720440415,356.2888589898587,349.3628114651724,381.77698583992293,361.77991742393175,339.0127928321162,370.1164021632515,401.6110180999664,377.05759791006045,395.91929821864437,391.0012735116483,390.45637363199285,390.3645438840631,423.15055316234714,401.0768311598533,420.1912926275506,385.58848021272314,394.59118769633955,405.27864606527373,423.0380807268219,452.85544612325066,470.6239035191454,486.87398252791104,469.6391086703793,504.13788831238287,501.9265050770577,496.14801223660334,496.2794423659999,488.86339426875776,495.41802425457456,484.8917455395264,466.68788496564815,496.6475280913499,526.5955216893067,526.3327005839549,558.6830146600561,552.7832158491611,544.8997366418245,574.0831661418167,577.6384660609987,586.3776320591529,571.4462145027737,562.3127109838964,533.1439703253634,565.8160422483276,546.5871457794467,546.1858402338219,519.2085592630468,529.4953121978525,521.8565937151963,540.5929249016662
300,420.78388870542665,394.8474407683723,360.5992763700185,340.47068413103983,356.17493876847175,379.1709277005322,368.0643801967052,370.579135183005,352.3800655151039,379.0110923795012,411.57559259314394,429.28139425402975,400.5034646954579,396.10176533878223,430.4371630612806,411.4941011132091,423.42711802549263,454.1265617254286,473.2507989038657,480.87100980036524,481.34037092305465,511.357376286647,503.98871198418567,532.0775419761044,527.2512470066343,545.2093986697523,574.3093716184757,572.7282357569526,557.0250006160948,525.594070992202,547.2422684375363,555.7829628860754,539.1961582338602,565.6149739551714,594.4702051888831,595.4268643549229,584.2308137395139,598.8110672524566,595.4693494071896,564.5908310457614,598.2682493629155,583.4268681918674,595.8760011142771,590.6235985634399,584.3602773059506,565.9028761248335,532.7705730127889,517.1421106837347,530.1495332848864,555.567576765897,520.7318385639805,500.2900027290581,512.4047428072041,497.25920010963256,472.17839989338563,442.91392676903223,452.56545654675114,459.20564373873526,484.3085937892121,471.3472304963807
